Haplo,Count,Freq
A*01:01~C*01:02~B*44:03~DRB1*04:04~DQB1*03:02,1,0.00044
A*01:01~C*01:02~B*46:01~DRB1*09:01~DQB1*03:03,1,0.00044
A*01:01~C*01:02~B*54:01~DRB1*15:02~DQB1*05:02,1,0.00044
A*01:01~C*01:02~B*55:01~DRB1*03:01~DQB1*02:01,1,0.00044
A*01:01~C*01:02~B*55:01~DRB1*11:01~DQB1*03:01,3,0.00133
A*01:01~C*01:02~B*55:01~DRB1*15:01~DQB1*06:03,1,0.00044
A*01:01~C*02:02~B*27:05~DRB1*01:01~DQB1*05:01,1,0.00044
A*01:01~C*03:02~B*58:01~DRB1*10:01~DQB1*05:01,1,0.00044
A*01:01~C*03:02~B*58:01~DRB1*11:01~DQB1*03:01,1,0.00044
A*01:01~C*03:03~B*40:02~DRB1*08:02~DQB1*04:02,0.25,0.00011
A*01:01~C*03:03~B*40:02~DRB1*12:01~DQB1*03:01,0.25,0.00011
A*01:01~C*03:04~B*15:12~DRB1*14:04~DQB1*05:03,0.25,0.00011
A*01:01~C*03:04~B*15:12~DRB1*15:02~DQB1*05:02,0.25,0.00011
A*01:01~C*03:04~B*40:01~DRB1*10:01~DQB1*05:01,1,0.00044
A*01:01~C*04:01~B*35:01~DRB1*14:01~DQB1*05:03,1,0.00044
A*01:01~C*04:01~B*35:03~DRB1*12:01~DQB1*03:01,1,0.00044
A*01:01~C*04:01~B*35:03~DRB1*13:01~DQB1*06:03,0.25,0.00011
A*01:01~C*04:01~B*35:03~DRB1*13:02~DQB1*06:04,1,0.00044
A*01:01~C*04:01~B*35:03~DRB1*13:02~DQB1*06:09,0.25,0.00011
A*01:01~C*04:01~B*37:01~DRB1*10:01~DQB1*05:01,0.25,0.00011
A*01:01~C*04:01~B*37:01~DRB1*12:02~DQB1*03:01,0.25,0.00011
A*01:01~C*04:01~B*44:03~DRB1*07:01~DQB1*02:01,1,0.00044
A*01:01~C*04:01~B*53:01~DRB1*13:01~DQB1*06:03,0.25,0.00011
A*01:01~C*04:01~B*53:01~DRB1*13:02~DQB1*06:09,0.25,0.00011
A*01:01~C*04:03~B*13:01~DRB1*10:01~DQB1*05:01,0.25,0.00011
A*01:01~C*04:03~B*13:01~DRB1*12:02~DQB1*03:01,0.25,0.00011
A*01:01~C*05:01~B*44:02~DRB1*03:01~DQB1*02:01,1,0.00044
A*01:01~C*05:01~B*44:02~DRB1*10:01~DQB1*05:01,0.25,0.00011
A*01:01~C*05:01~B*44:02~DRB1*12:01~DQB1*03:01,0.25,0.00011
A*01:01~C*05:01~B*44:02~DRB1*13:01~DQB1*06:03,1,0.00044
A*01:01~C*06:02~B*37:01~DRB1*10:01~DQB1*05:01,20,0.00889
A*01:01~C*06:02~B*40:06~DRB1*11:01~DQB1*03:01,2,0.00089
A*01:01~C*06:02~B*50:01~DRB1*07:01~DQB1*02:01,1.63,0.00073
A*01:01~C*06:02~B*54:01~DRB1*08:02~DQB1*04:02,0.25,0.00011
A*01:01~C*06:02~B*54:01~DRB1*12:01~DQB1*03:01,0.25,0.00011
A*01:01~C*06:02~B*57:01~DRB1*01:01~DQB1*05:01,1,0.00044
A*01:01~C*06:02~B*57:01~DRB1*07:01~DQB1*03:03,16.99,0.00755
A*01:01~C*06:02~B*57:01~DRB1*11:01~DQB1*03:01,1,0.00044
A*01:01~C*06:02~B*57:01~DRB1*13:01~DQB1*06:03,0.25,0.00011
A*01:01~C*06:02~B*57:01~DRB1*14:04~DQB1*05:03,3,0.00133
A*01:01~C*06:02~B*57:01~DRB1*15:01~DQB1*06:02,0.25,0.00011
A*01:01~C*07:01~B*08:01~DRB1*03:01~DQB1*02:01,2,0.00089
A*01:01~C*07:01~B*08:01~DRB1*04:01~DQB1*03:02,1,0.00044
A*01:01~C*07:01~B*08:01~DRB1*10:01~DQB1*05:01,0.25,0.00011
A*01:01~C*07:01~B*08:01~DRB1*12:01~DQB1*03:01,0.25,0.00011
A*01:01~C*07:01~B*15:17~DRB1*11:01~DQB1*03:01,2,0.00089
A*01:01~C*07:01~B*15:17~DRB1*13:02~DQB1*06:04,7,0.00311
A*01:01~C*07:01~B*18:01~DRB1*11:01~DQB1*03:01,1,0.00044
A*01:01~C*07:01~B*44:03~DRB1*07:01~DQB1*02:01,1.01,0.00045
A*01:01~C*07:01~B*57:01~DRB1*04:02~DQB1*03:02,1,0.00044
A*01:01~C*07:02~B*07:02~DRB1*10:01~DQB1*05:01,1,0.00044
A*01:01~C*07:02~B*07:02~DRB1*12:01~DQB1*03:01,2,0.00089
A*01:01~C*07:02~B*08:01~DRB1*03:01~DQB1*02:01,4,0.00178
A*01:01~C*07:02~B*39:01~DRB1*01:01~DQB1*05:01,1,0.00044
A*01:01~C*07:04~B*15:18~DRB1*15:01~DQB1*06:02,1,0.00044
A*01:01~C*08:01~B*48:01~DRB1*14:04~DQB1*05:03,1,0.00044
A*01:01~C*08:02~B*14:02~DRB1*04:01~DQB1*03:01,1,0.00044
A*01:01~C*12:02~B*52:01~DRB1*14:04~DQB1*05:03,2,0.00089
A*01:01~C*12:02~B*52:01~DRB1*15:02~DQB1*06:01,2.37,0.00105
A*01:01~C*12:03~B*18:01~DRB1*11:04~DQB1*03:01,0.25,0.00011
A*01:01~C*12:03~B*18:01~DRB1*15:01~DQB1*06:01,0.25,0.00011
A*01:01~C*12:03~B*35:03~DRB1*03:01~DQB1*02:01,1,0.00044
A*01:01~C*12:03~B*35:03~DRB1*14:01~DQB1*05:03,2,0.00089
A*01:01~C*12:03~B*40:01~DRB1*15:02~DQB1*06:01,4,0.00178
A*01:01~C*12:05~B*18:01~DRB1*11:01~DQB1*03:01,1,0.00044
A*01:01~C*14:02~B*51:01~DRB1*01:01~DQB1*05:01,1,0.00044
A*01:01~C*14:02~B*51:01~DRB1*12:02~DQB1*05:02,1,0.00044
A*01:01~C*14:02~B*51:01~DRB1*13:01~DQB1*06:03,2,0.00089
A*01:01~C*15:02~B*40:06~DRB1*04:05~DQB1*05:02,1,0.00044
A*01:01~C*15:02~B*40:06~DRB1*15:01~DQB1*06:01,2,0.00089
A*01:01~C*15:02~B*40:06~DRB1*15:02~DQB1*06:01,2,0.00089
A*01:01~C*15:02~B*51:01~DRB1*04:02~DQB1*03:02,1,0.00044
A*01:01~C*15:04~B*52:01~DRB1*11:04~DQB1*03:01,0.25,0.00011
A*01:01~C*15:04~B*52:01~DRB1*15:01~DQB1*06:01,0.25,0.00011
A*01:01~C*16:02~B*51:01~DRB1*04:02~DQB1*03:02,1,0.00044
A*01:01~C*16:02~B*51:01~DRB1*13:01~DQB1*06:03,0.25,0.00011
A*01:01~C*16:02~B*51:01~DRB1*14:04~DQB1*05:03,0.25,0.00011
A*01:01~C*16:02~B*51:01~DRB1*15:01~DQB1*06:02,0.25,0.00011
A*01:01~C*16:02~B*51:01~DRB1*15:02~DQB1*05:02,0.25,0.00011
A*02:01~C*01:02~B*15:01~DRB1*14:01~DQB1*05:02,1,0.00044
A*02:01~C*01:02~B*15:07~DRB1*12:01~DQB1*03:02,1,0.00044
A*02:01~C*01:02~B*15:18~DRB1*08:02~DQB1*04:02,0.25,0.00011
A*02:01~C*01:02~B*15:18~DRB1*14:07~DQB1*05:03,0.25,0.00011
A*02:01~C*01:02~B*27:04~DRB1*08:03~DQB1*06:01,1,0.00044
A*02:01~C*01:02~B*27:05~DRB1*01:01~DQB1*05:01,2,0.00089
A*02:01~C*01:02~B*27:05~DRB1*08:01~DQB1*04:02,1,0.00044
A*02:01~C*01:02~B*27:05~DRB1*08:05~DQB1*04:02,1,0.00044
A*02:01~C*01:02~B*46:01~DRB1*08:03~DQB1*06:01,1.2,0.00053
A*02:01~C*01:02~B*46:01~DRB1*09:01~DQB1*03:03,3.46,0.00154
A*02:01~C*01:02~B*51:01~DRB1*07:01~DQB1*02:01,0.84,0.00037
A*02:01~C*01:02~B*51:01~DRB1*09:01~DQB1*03:03,1.16,0.00051
A*02:01~C*01:02~B*54:01~DRB1*04:03~DQB1*03:02,0.5,0.00022
A*02:01~C*01:02~B*54:01~DRB1*04:05~DQB1*04:01,5.07,0.00226
A*02:01~C*01:02~B*54:01~DRB1*08:03~DQB1*03:01,0.5,0.00022
A*02:01~C*01:02~B*54:01~DRB1*12:02~DQB1*06:01,1,0.00044
A*02:01~C*01:02~B*54:01~DRB1*15:01~DQB1*06:02,3.68,0.00163
A*02:01~C*01:02~B*55:02~DRB1*04:05~DQB1*04:01,1.98,0.00088
A*02:01~C*01:02~B*55:02~DRB1*14:01~DQB1*05:02,1,0.00044
A*02:01~C*01:02~B*55:02~DRB1*14:05~DQB1*05:03,1,0.00044
A*02:01~C*01:02~B*56:01~DRB1*08:03~DQB1*03:01,1,0.00044
A*02:01~C*01:02~B*56:01~DRB1*12:01~DQB1*03:01,1,0.00044
A*02:01~C*01:02~B*56:02~DRB1*04:08~DQB1*03:01,1,0.00044
A*02:01~C*01:03~B*46:01~DRB1*08:03~DQB1*06:01,0.83,0.00037
A*02:01~C*02:02~B*27:05~DRB1*04:01~DQB1*03:02,1,0.00044
A*02:01~C*02:02~B*27:05~DRB1*08:03~DQB1*06:01,1,0.00044
A*02:01~C*03:02~B*58:01~DRB1*03:01~DQB1*02:01,2.08,0.00093
A*02:01~C*03:03~B*15:01~DRB1*09:01~DQB1*03:03,2,0.00089
A*02:01~C*03:03~B*15:01~DRB1*11:01~DQB1*03:01,1,0.00044
A*02:01~C*03:03~B*15:01~DRB1*14:05~DQB1*05:03,2,0.00089
A*02:01~C*03:03~B*15:01~DRB1*14:06~DQB1*03:01,0.8,0.00035
A*02:01~C*03:03~B*15:01~DRB1*14:07~DQB1*05:02,1,0.00044
A*02:01~C*03:03~B*15:11~DRB1*03:01~DQB1*02:01,1,0.00044
A*02:01~C*03:03~B*15:11~DRB1*04:05~DQB1*04:01,0.71,0.00032
A*02:01~C*03:03~B*15:11~DRB1*04:10~DQB1*04:02,1,0.00044
A*02:01~C*03:03~B*15:11~DRB1*09:01~DQB1*03:03,4.2,0.00187
A*02:01~C*03:03~B*15:11~DRB1*11:01~DQB1*03:01,0.5,0.00022
A*02:01~C*03:03~B*15:11~DRB1*14:05~DQB1*05:03,0.5,0.00022
A*02:01~C*03:03~B*15:11~DRB1*15:02~DQB1*05:01,1,0.00044
A*02:01~C*03:03~B*35:01~DRB1*04:02~DQB1*03:02,0.5,0.00022
A*02:01~C*03:03~B*35:01~DRB1*04:06~DQB1*03:02,0.25,0.00011
A*02:01~C*03:03~B*35:01~DRB1*08:01~DQB1*04:02,0.5,0.00022
A*02:01~C*03:03~B*35:01~DRB1*08:02~DQB1*04:02,0.25,0.00011
A*02:01~C*03:03~B*35:01~DRB1*08:03~DQB1*06:01,2,0.00089
A*02:01~C*03:03~B*35:01~DRB1*11:01~DQB1*03:01,1,0.00044
A*02:01~C*03:03~B*35:01~DRB1*12:01~DQB1*03:03,0.25,0.00011
A*02:01~C*03:03~B*35:01~DRB1*14:06~DQB1*03:01,1,0.00044
A*02:01~C*03:03~B*35:01~DRB1*14:07~DQB1*05:03,0.25,0.00011
A*02:01~C*03:03~B*35:01~DRB1*15:01~DQB1*06:02,1.2,0.00054
A*02:01~C*03:03~B*40:02~DRB1*08:02~DQB1*04:02,0.25,0.00011
A*02:01~C*03:03~B*40:02~DRB1*12:01~DQB1*03:01,0.25,0.00011
A*02:01~C*03:03~B*40:02~DRB1*15:01~DQB1*06:02,0.25,0.00011
A*02:01~C*03:03~B*40:02~DRB1*15:02~DQB1*05:02,0.25,0.00011
A*02:01~C*03:03~B*55:01~DRB1*04:03~DQB1*03:02,0.5,0.00022
A*02:01~C*03:03~B*55:01~DRB1*15:01~DQB1*06:02,0.5,0.00022
A*02:01~C*03:03~B*55:02~DRB1*09:01~DQB1*03:03,0.02,1e-05
A*02:01~C*03:03~B*55:02~DRB1*11:01~DQB1*03:01,1,0.00044
A*02:01~C*03:04~B*13:01~DRB1*04:05~DQB1*04:01,1,0.00044
A*02:01~C*03:04~B*13:01~DRB1*09:01~DQB1*03:03,1,0.00044
A*02:01~C*03:04~B*13:01~DRB1*12:02~DQB1*03:01,9,0.004
A*02:01~C*03:04~B*13:01~DRB1*14:05~DQB1*05:03,1,0.00044
A*02:01~C*03:04~B*13:01~DRB1*15:01~DQB1*06:01,1,0.00044
A*02:01~C*03:04~B*15:01~DRB1*03:01~DQB1*02:01,1,0.00044
A*02:01~C*03:04~B*15:01~DRB1*11:01~DQB1*03:02,1,0.00044
A*02:01~C*03:04~B*27:06~DRB1*15:01~DQB1*06:02,0.25,0.00011
A*02:01~C*03:04~B*27:06~DRB1*15:02~DQB1*05:01,1,0.00044
A*02:01~C*03:04~B*27:06~DRB1*15:02~DQB1*05:02,0.25,0.00011
A*02:01~C*03:04~B*35:01~DRB1*04:06~DQB1*03:02,1,0.00044
A*02:01~C*03:04~B*40:01~DRB1*04:05~DQB1*04:01,1.02,0.00046
A*02:01~C*03:04~B*40:01~DRB1*09:01~DQB1*03:03,1,0.00044
A*02:01~C*03:04~B*40:01~DRB1*11:01~DQB1*03:01,2.46,0.00109
A*02:01~C*03:04~B*40:01~DRB1*12:02~DQB1*03:01,1,0.00044
A*02:01~C*03:04~B*40:01~DRB1*13:01~DQB1*06:03,1,0.00044
A*02:01~C*03:04~B*40:02~DRB1*08:02~DQB1*03:02,1,0.00044
A*02:01~C*03:04~B*40:02~DRB1*08:03~DQB1*06:01,1,0.00044
A*02:01~C*03:04~B*40:02~DRB1*09:01~DQB1*03:03,1.79,0.0008
A*02:01~C*03:04~B*40:02~DRB1*12:01~DQB1*04:02,1,0.00044
A*02:01~C*03:04~B*40:02~DRB1*14:01~DQB1*05:03,1,0.00044
A*02:01~C*03:04~B*40:03~DRB1*12:02~DQB1*03:01,2,0.00089
A*02:01~C*03:04~B*48:01~DRB1*09:01~DQB1*03:03,0.25,0.00011
A*02:01~C*03:04~B*48:01~DRB1*15:01~DQB1*06:02,0.25,0.00011
A*02:01~C*03:04~B*51:01~DRB1*09:01~DQB1*03:03,1,0.00044
A*02:01~C*03:36~B*58:01~DRB1*01:01~DQB1*05:01,0.25,0.00011
A*02:01~C*03:36~B*58:01~DRB1*13:01~DQB1*06:03,0.25,0.00011
A*02:01~C*04:01~B*15:01~DRB1*04:05~DQB1*04:01,1,0.00044
A*02:01~C*04:01~B*15:01~DRB1*04:06~DQB1*03:02,5,0.00222
A*02:01~C*04:01~B*15:27~DRB1*04:06~DQB1*03:02,1.58,0.0007
A*02:01~C*04:01~B*15:27~DRB1*08:03~DQB1*06:01,2,0.00089
A*02:01~C*04:01~B*15:34~DRB1*04:04~DQB1*03:02,1,0.00044
A*02:01~C*04:01~B*35:01~DRB1*04:10~DQB1*04:02,0.25,0.00011
A*02:01~C*04:01~B*35:01~DRB1*14:03~DQB1*03:01,0.25,0.00011
A*02:01~C*04:01~B*35:03~DRB1*01:01~DQB1*05:01,0.5,0.00022
A*02:01~C*04:01~B*35:03~DRB1*11:04~DQB1*03:01,0.25,0.00011
A*02:01~C*04:01~B*35:03~DRB1*13:01~DQB1*06:03,0.5,0.00022
A*02:01~C*04:01~B*35:03~DRB1*15:02~DQB1*05:03,0.25,0.00011
A*02:01~C*04:01~B*35:05~DRB1*15:02~DQB1*05:01,1,0.00044
A*02:01~C*04:01~B*40:01~DRB1*08:03~DQB1*06:01,2,0.00089
A*02:01~C*04:01~B*56:01~DRB1*15:01~DQB1*05:02,1,0.00044
A*02:01~C*04:03~B*15:25~DRB1*15:01~DQB1*05:02,0.45,0.0002
A*02:01~C*05:01~B*44:02~DRB1*03:01~DQB1*02:01,1.12,0.0005
A*02:01~C*05:01~B*44:02~DRB1*10:01~DQB1*05:01,0.25,0.00011
A*02:01~C*05:01~B*44:02~DRB1*11:01~DQB1*03:01,0.88,0.00039
A*02:01~C*05:01~B*44:02~DRB1*12:01~DQB1*03:01,0.25,0.00011
A*02:01~C*06:02~B*13:02~DRB1*07:01~DQB1*02:01,2,0.00089
A*02:01~C*06:02~B*37:01~DRB1*10:01~DQB1*05:01,1,0.00044
A*02:01~C*06:02~B*37:01~DRB1*11:01~DQB1*03:01,0.5,0.00022
A*02:01~C*06:02~B*37:01~DRB1*14:05~DQB1*05:03,0.5,0.00022
A*02:01~C*06:02~B*54:01~DRB1*08:02~DQB1*04:02,0.25,0.00011
A*02:01~C*06:02~B*54:01~DRB1*12:01~DQB1*03:01,0.25,0.00011
A*02:01~C*06:02~B*57:01~DRB1*07:01~DQB1*02:01,1.03,0.00046
A*02:01~C*06:02~B*57:01~DRB1*07:01~DQB1*03:03,0.87,0.00039
A*02:01~C*06:02~B*57:01~DRB1*13:01~DQB1*06:03,0.25,0.00011
A*02:01~C*06:02~B*57:01~DRB1*15:01~DQB1*06:02,0.25,0.00011
A*02:01~C*07:01~B*08:01~DRB1*10:01~DQB1*05:01,0.25,0.00011
A*02:01~C*07:01~B*08:01~DRB1*12:01~DQB1*03:01,0.25,0.00011
A*02:01~C*07:01~B*18:01~DRB1*04:05~DQB1*04:01,1,0.00044
A*02:01~C*07:01~B*18:01~DRB1*14:04~DQB1*05:03,1,0.00044
A*02:01~C*07:01~B*18:01~DRB1*15:06~DQB1*05:02,1,0.00044
A*02:01~C*07:01~B*44:03~DRB1*04:03~DQB1*03:02,0.5,0.00022
A*02:01~C*07:01~B*44:03~DRB1*07:01~DQB1*02:01,1.1,0.00049
A*02:01~C*07:01~B*44:03~DRB1*13:02~DQB1*06:09,1,0.00044
A*02:01~C*07:01~B*44:03~DRB1*15:01~DQB1*06:02,0.5,0.00022
A*02:01~C*07:02~B*07:02~DRB1*04:02~DQB1*03:02,0.5,0.00022
A*02:01~C*07:02~B*07:02~DRB1*08:01~DQB1*04:02,0.5,0.00022
A*02:01~C*07:02~B*07:02~DRB1*15:01~DQB1*06:02,1.07,0.00048
A*02:01~C*07:02~B*07:02~DRB1*15:02~DQB1*06:01,1,0.00044
A*02:01~C*07:02~B*07:05~DRB1*14:04~DQB1*05:03,1,0.00044
A*02:01~C*07:02~B*08:01~DRB1*15:01~DQB1*06:02,1,0.00044
A*02:01~C*07:02~B*38:02~DRB1*04:03~DQB1*03:02,0.5,0.00022
A*02:01~C*07:02~B*38:02~DRB1*08:03~DQB1*03:01,0.5,0.00022
A*02:01~C*07:02~B*39:01~DRB1*01:01~DQB1*05:01,0.25,0.00011
A*02:01~C*07:02~B*39:01~DRB1*04:10~DQB1*04:02,0.25,0.00011
A*02:01~C*07:02~B*39:01~DRB1*13:01~DQB1*06:03,0.25,0.00011
A*02:01~C*07:02~B*39:01~DRB1*14:03~DQB1*03:01,0.25,0.00011
A*02:01~C*07:02~B*40:01~DRB1*07:01~DQB1*02:01,2,0.00089
A*02:01~C*07:02~B*40:01~DRB1*08:03~DQB1*06:01,2.74,0.00122
A*02:01~C*07:02~B*40:01~DRB1*09:01~DQB1*03:03,1.62,0.00072
A*02:01~C*07:02~B*40:01~DRB1*12:02~DQB1*03:01,1,0.00044
A*02:01~C*07:02~B*40:01~DRB1*15:01~DQB1*06:02,1,0.00044
A*02:01~C*07:02~B*56:01~DRB1*14:01~DQB1*05:03,1,0.00044
A*02:01~C*07:02~B*67:01~DRB1*08:02~DQB1*03:02,1,0.00044
A*02:01~C*07:04~B*15:18~DRB1*04:01~DQB1*03:01,1,0.00044
A*02:01~C*07:04~B*15:18~DRB1*08:03~DQB1*06:01,1,0.00044
A*02:01~C*07:04~B*18:01~DRB1*12:02~DQB1*05:02,1,0.00044
A*02:01~C*08:01~B*15:02~DRB1*04:03~DQB1*03:02,1,0.00044
A*02:01~C*08:01~B*15:02~DRB1*12:02~DQB1*03:01,1,0.00044
A*02:01~C*08:01~B*15:13~DRB1*15:02~DQB1*05:01,3,0.00133
A*02:01~C*08:01~B*15:18~DRB1*04:03~DQB1*03:02,1,0.00044
A*02:01~C*08:01~B*15:18~DRB1*11:01~DQB1*03:01,3,0.00133
A*02:01~C*08:01~B*35:01~DRB1*12:01~DQB1*03:03,1,0.00044
A*02:01~C*08:01~B*35:01~DRB1*13:02~DQB1*06:04,1,0.00044
A*02:01~C*08:01~B*40:06~DRB1*09:01~DQB1*03:03,2.57,0.00114
A*02:01~C*08:01~B*48:01~DRB1*11:01~DQB1*03:01,2,0.00089
A*02:01~C*08:01~B*48:01~DRB1*12:01~DQB1*03:01,2,0.00089
A*02:01~C*08:01~B*48:01~DRB1*15:02~DQB1*05:02,1,0.00044
A*02:01~C*08:03~B*48:01~DRB1*04:05~DQB1*05:03,1,0.00044
A*02:01~C*08:03~B*48:01~DRB1*14:05~DQB1*05:03,1,0.00044
A*02:01~C*12:02~B*27:04~DRB1*04:05~DQB1*04:01,1.33,0.00059
A*02:01~C*12:02~B*27:04~DRB1*12:02~DQB1*03:01,1.67,0.00074
A*02:01~C*12:02~B*52:01~DRB1*15:02~DQB1*06:01,3.21,0.00143
A*02:01~C*12:02~B*53:01~DRB1*08:03~DQB1*06:01,0.25,0.00011
A*02:01~C*12:02~B*53:01~DRB1*09:01~DQB1*03:01,0.25,0.00011
A*02:01~C*12:03~B*15:01~DRB1*13:01~DQB1*06:03,1,0.00044
A*02:01~C*14:02~B*51:01~DRB1*04:01~DQB1*03:01,1,0.00044
A*02:01~C*14:02~B*51:01~DRB1*12:01~DQB1*03:03,2,0.00089
A*02:01~C*14:02~B*51:01~DRB1*12:02~DQB1*03:01,2,0.00089
A*02:01~C*14:02~B*51:01~DRB1*15:01~DQB1*06:02,1.25,0.00056
A*02:01~C*15:02~B*15:01~DRB1*04:06~DQB1*03:02,0.25,0.00011
A*02:01~C*15:02~B*15:01~DRB1*12:01~DQB1*03:03,0.25,0.00011
A*02:01~C*15:02~B*40:01~DRB1*11:01~DQB1*03:01,8,0.00356
A*02:01~C*15:02~B*40:01~DRB1*14:03~DQB1*03:01,1,0.00044
A*02:01~C*15:02~B*40:01~DRB1*14:05~DQB1*05:03,1,0.00044
A*02:01~C*15:02~B*40:01~DRB1*15:01~DQB1*06:02,2,0.00089
A*02:01~C*15:02~B*40:02~DRB1*15:01~DQB1*06:01,1,0.00044
A*02:01~C*15:02~B*40:02~DRB1*15:01~DQB1*06:02,1,0.00044
A*02:01~C*15:02~B*40:06~DRB1*09:01~DQB1*03:03,0.25,0.00011
A*02:01~C*15:02~B*40:06~DRB1*11:04~DQB1*03:01,0.25,0.00011
A*02:01~C*15:02~B*40:06~DRB1*14:04~DQB1*05:03,1,0.00044
A*02:01~C*15:02~B*40:06~DRB1*15:01~DQB1*06:02,0.25,0.00011
A*02:01~C*15:02~B*40:06~DRB1*15:02~DQB1*05:03,0.25,0.00011
A*02:01~C*15:02~B*46:01~DRB1*09:01~DQB1*03:03,1,0.00044
A*02:01~C*15:02~B*50:01~DRB1*03:01~DQB1*02:01,1,0.00044
A*02:01~C*15:02~B*51:01~DRB1*04:03~DQB1*03:02,2,0.00089
A*02:01~C*15:02~B*51:01~DRB1*09:01~DQB1*03:03,1.45,0.00064
A*02:01~C*15:02~B*51:01~DRB1*11:01~DQB1*03:01,1,0.00044
A*02:01~C*15:02~B*51:01~DRB1*12:01~DQB1*03:01,0.55,0.00025
A*02:01~C*15:02~B*51:01~DRB1*14:05~DQB1*05:03,1,0.00044
A*02:01~C*15:02~B*51:01~DRB1*14:12~DQB1*03:01,1,0.00044
A*02:01~C*15:02~B*51:02~DRB1*08:02~DQB1*04:02,0.97,0.00043
A*02:01~C*15:02~B*51:02~DRB1*09:01~DQB1*03:03,0.03,1e-05
A*02:01~C*15:02~B*51:02~DRB1*12:01~DQB1*03:01,1,0.00044
A*02:01~C*16:01~B*44:03~DRB1*07:01~DQB1*02:01,2,0.00089
A*02:01~C*16:02~B*51:01~DRB1*13:01~DQB1*06:03,0.25,0.00011
A*02:01~C*16:02~B*51:01~DRB1*15:01~DQB1*06:02,0.25,0.00011
A*02:01~C*16:02~B*51:08~DRB1*08:03~DQB1*06:01,0.25,0.00011
A*02:01~C*16:02~B*51:08~DRB1*09:01~DQB1*03:01,0.25,0.00011
A*02:03~C*01:02~B*46:01~DRB1*12:02~DQB1*03:01,1,0.00044
A*02:03~C*01:02~B*46:01~DRB1*14:01~DQB1*05:02,1.04,0.00046
A*02:03~C*01:02~B*55:02~DRB1*15:02~DQB1*05:02,1,0.00044
A*02:03~C*01:02~B*56:01~DRB1*15:02~DQB1*05:02,1,0.00044
A*02:03~C*01:02~B*56:04~DRB1*15:02~DQB1*05:01,2,0.00089
A*02:03~C*03:03~B*39:01~DRB1*12:02~DQB1*03:01,0.25,0.00011
A*02:03~C*03:03~B*39:01~DRB1*15:01~DQB1*06:02,0.25,0.00011
A*02:03~C*03:03~B*40:01~DRB1*10:01~DQB1*05:01,1,0.00044
A*02:03~C*03:03~B*55:02~DRB1*12:01~DQB1*03:01,0.5,0.00022
A*02:03~C*03:03~B*55:02~DRB1*15:01~DQB1*06:01,2,0.00089
A*02:03~C*03:03~B*55:02~DRB1*15:02~DQB1*05:01,0.5,0.00022
A*02:03~C*03:03~B*55:12~DRB1*04:03~DQB1*03:02,1,0.00044
A*02:03~C*03:04~B*13:01~DRB1*16:02~DQB1*05:02,1,0.00044
A*02:03~C*03:04~B*15:10~DRB1*13:02~DQB1*06:04,1,0.00044
A*02:03~C*03:04~B*40:01~DRB1*15:01~DQB1*06:02,1,0.00044
A*02:03~C*03:04~B*48:01~DRB1*13:12~DQB1*03:01,1,0.00044
A*02:03~C*04:03~B*15:12~DRB1*15:02~DQB1*05:02,1,0.00044
A*02:03~C*04:03~B*15:25~DRB1*09:01~DQB1*03:03,0.59,0.00026
A*02:03~C*04:03~B*15:25~DRB1*12:02~DQB1*03:01,2.38,0.00106
A*02:03~C*04:03~B*40:01~DRB1*14:01~DQB1*05:02,2,0.00089
A*02:03~C*07:01~B*15:02~DRB1*12:02~DQB1*03:01,1,0.00044
A*02:03~C*07:02~B*15:35~DRB1*11:01~DQB1*02:01,1,0.00044
A*02:03~C*07:02~B*38:02~DRB1*04:03~DQB1*03:02,4,0.00178
A*02:03~C*07:02~B*38:02~DRB1*08:03~DQB1*06:01,7.78,0.00346
A*02:03~C*07:02~B*38:02~DRB1*09:01~DQB1*03:03,1.34,0.0006
A*02:03~C*07:02~B*38:02~DRB1*12:02~DQB1*03:01,2.56,0.00114
A*02:03~C*07:02~B*38:02~DRB1*14:01~DQB1*05:03,1.88,0.00084
A*02:03~C*07:02~B*38:02~DRB1*15:02~DQB1*05:01,2.44,0.00108
A*02:03~C*07:02~B*38:02~DRB1*16:02~DQB1*05:02,8.96,0.00398
A*02:03~C*07:02~B*39:01~DRB1*08:03~DQB1*06:01,0.25,0.00011
A*02:03~C*07:02~B*39:01~DRB1*09:01~DQB1*03:03,1,0.00044
A*02:03~C*07:02~B*39:01~DRB1*12:02~DQB1*03:01,1,0.00044
A*02:03~C*07:02~B*39:01~DRB1*14:05~DQB1*05:03,0.25,0.00011
A*02:03~C*07:02~B*39:09~DRB1*15:02~DQB1*05:01,2,0.00089
A*02:03~C*07:02~B*40:01~DRB1*15:02~DQB1*05:01,2,0.00089
A*02:03~C*07:02~B*52:01~DRB1*14:04~DQB1*05:03,1,0.00044
A*02:03~C*07:02~B*54:01~DRB1*03:01~DQB1*02:01,1,0.00044
A*02:03~C*07:02~B*56:01~DRB1*04:05~DQB1*04:02,1,0.00044
A*02:03~C*08:01~B*15:02~DRB1*09:01~DQB1*03:03,0.5,0.00022
A*02:03~C*08:01~B*15:02~DRB1*12:02~DQB1*03:01,3.53,0.00157
A*02:03~C*08:01~B*40:01~DRB1*09:01~DQB1*03:03,1,0.00044
A*02:03~C*08:01~B*40:06~DRB1*04:03~DQB1*03:02,1,0.00044
A*02:03~C*08:01~B*48:03~DRB1*12:02~DQB1*03:01,1,0.00044
A*02:03~C*08:01~B*48:04~DRB1*14:04~DQB1*05:03,1,0.00044
A*02:03~C*08:01~B*81:01~DRB1*12:01~DQB1*03:01,0.5,0.00022
A*02:03~C*08:01~B*81:01~DRB1*15:02~DQB1*05:01,0.5,0.00022
A*02:03~C*08:03~B*48:01~DRB1*08:03~DQB1*06:01,0.25,0.00011
A*02:03~C*08:03~B*48:01~DRB1*13:01~DQB1*06:03,1,0.00044
A*02:03~C*08:03~B*48:01~DRB1*14:05~DQB1*05:03,0.25,0.00011
A*02:03~C*12:02~B*56:01~DRB1*12:02~DQB1*03:01,0.25,0.00011
A*02:03~C*12:02~B*56:01~DRB1*15:01~DQB1*06:02,0.25,0.00011
A*02:03~C*12:03~B*55:02~DRB1*09:01~DQB1*03:03,1,0.00044
A*02:03~C*12:03~B*55:02~DRB1*15:02~DQB1*05:01,1,0.00044
A*02:03~C*14:02~B*51:01~DRB1*04:06~DQB1*03:02,1,0.00044
A*02:03~C*14:02~B*51:01~DRB1*14:04~DQB1*05:03,1,0.00044
A*02:05~C*04:01~B*15:18~DRB1*04:08~DQB1*03:01,1,0.00044
A*02:05~C*04:01~B*35:05~DRB1*11:01~DQB1*03:01,0.25,0.00011
A*02:05~C*04:01~B*35:05~DRB1*15:01~DQB1*06:01,0.25,0.00011
A*02:05~C*06:02~B*50:01~DRB1*03:01~DQB1*02:01,2,0.00089
A*02:05~C*06:02~B*50:01~DRB1*11:01~DQB1*03:01,0.25,0.00011
A*02:05~C*06:02~B*50:01~DRB1*15:01~DQB1*06:01,0.25,0.00011
A*02:05~C*07:02~B*07:02~DRB1*15:01~DQB1*06:02,1,0.00044
A*02:05~C*12:03~B*50:01~DRB1*10:01~DQB1*05:01,1,0.00044
A*02:05~C*15:02~B*40:06~DRB1*14:04~DQB1*05:03,1,0.00044
A*02:06~C*01:02~B*27:05~DRB1*01:01~DQB1*05:01,1,0.00044
A*02:06~C*01:02~B*35:01~DRB1*14:05~DQB1*05:03,1,0.00044
A*02:06~C*01:02~B*46:01~DRB1*04:05~DQB1*04:01,0.93,0.00041
A*02:06~C*01:02~B*46:01~DRB1*09:01~DQB1*03:03,1.07,0.00048
A*02:06~C*01:02~B*54:01~DRB1*04:05~DQB1*04:01,1,0.00044
A*02:06~C*01:02~B*54:01~DRB1*08:03~DQB1*06:01,1,0.00044
A*02:06~C*01:02~B*54:01~DRB1*11:01~DQB1*03:01,1,0.00044
A*02:06~C*01:02~B*55:01~DRB1*13:01~DQB1*06:03,0.25,0.00011
A*02:06~C*01:02~B*55:01~DRB1*14:05~DQB1*05:03,0.25,0.00011
A*02:06~C*01:02~B*55:02~DRB1*11:01~DQB1*03:01,1,0.00044
A*02:06~C*01:02~B*55:02~DRB1*14:01~DQB1*05:02,1,0.00044
A*02:06~C*01:02~B*56:01~DRB1*08:03~DQB1*06:01,1,0.00044
A*02:06~C*01:02~B*59:01~DRB1*04:05~DQB1*04:01,5,0.00222
A*02:06~C*01:02~B*59:01~DRB1*13:01~DQB1*06:03,0.25,0.00011
A*02:06~C*01:02~B*59:01~DRB1*14:05~DQB1*05:03,0.25,0.00011
A*02:06~C*03:02~B*58:01~DRB1*13:02~DQB1*06:09,2,0.00089
A*02:06~C*03:03~B*15:01~DRB1*08:02~DQB1*04:02,1,0.00044
A*02:06~C*03:03~B*15:11~DRB1*04:04~DQB1*03:02,0.25,0.00011
A*02:06~C*03:03~B*15:11~DRB1*12:02~DQB1*03:01,0.25,0.00011
A*02:06~C*03:03~B*15:11~DRB1*14:05~DQB1*05:03,1,0.00044
A*02:06~C*03:03~B*35:01~DRB1*04:06~DQB1*03:02,0.25,0.00011
A*02:06~C*03:03~B*35:01~DRB1*04:07~DQB1*03:02,1,0.00044
A*02:06~C*03:03~B*35:01~DRB1*09:01~DQB1*03:03,0.25,0.00011
A*02:06~C*03:03~B*35:01~DRB1*12:01~DQB1*03:03,0.25,0.00011
A*02:06~C*03:03~B*35:01~DRB1*14:01~DQB1*05:03,0.25,0.00011
A*02:06~C*03:04~B*13:01~DRB1*04:06~DQB1*03:02,1.17,0.00052
A*02:06~C*03:04~B*13:01~DRB1*09:01~DQB1*03:03,0.88,0.00039
A*02:06~C*03:04~B*13:01~DRB1*12:02~DQB1*03:01,1.17,0.00052
A*02:06~C*03:04~B*13:01~DRB1*15:02~DQB1*05:02,1,0.00044
A*02:06~C*03:04~B*15:01~DRB1*15:01~DQB1*06:02,1,0.00044
A*02:06~C*03:04~B*35:01~DRB1*12:01~DQB1*03:03,0.25,0.00011
A*02:06~C*03:04~B*35:01~DRB1*15:01~DQB1*06:02,0.25,0.00011
A*02:06~C*03:04~B*40:01~DRB1*08:03~DQB1*06:01,2.9,0.00129
A*02:06~C*03:04~B*40:01~DRB1*08:09~DQB1*04:02,0.1,4e-05
A*02:06~C*03:04~B*40:01~DRB1*11:01~DQB1*03:01,1,0.00044
A*02:06~C*03:04~B*40:01~DRB1*14:05~DQB1*05:03,1,0.00044
A*02:06~C*03:04~B*40:02~DRB1*08:02~DQB1*03:02,4,0.00178
A*02:06~C*03:04~B*40:02~DRB1*08:02~DQB1*04:02,2,0.00089
A*02:06~C*03:04~B*40:03~DRB1*12:01~DQB1*03:01,1,0.00044
A*02:06~C*03:04~B*48:01~DRB1*14:01~DQB1*05:02,1,0.00044
A*02:06~C*03:04~B*51:01~DRB1*12:01~DQB1*03:03,0.25,0.00011
A*02:06~C*03:04~B*51:01~DRB1*15:01~DQB1*06:02,0.25,0.00011
A*02:06~C*04:01~B*15:27~DRB1*07:01~DQB1*02:01,1,0.00044
A*02:06~C*04:01~B*35:01~DRB1*08:03~DQB1*06:01,1,0.00044
A*02:06~C*04:01~B*35:01~DRB1*15:02~DQB1*05:01,1,0.00044
A*02:06~C*04:01~B*35:05~DRB1*12:02~DQB1*03:01,1,0.00044
A*02:06~C*05:01~B*44:02~DRB1*14:04~DQB1*05:03,0.5,0.00022
A*02:06~C*06:02~B*13:02~DRB1*07:01~DQB1*02:01,2,0.00089
A*02:06~C*06:02~B*37:01~DRB1*10:01~DQB1*05:01,2,0.00089
A*02:06~C*06:02~B*57:01~DRB1*15:06~DQB1*05:02,1,0.00044
A*02:06~C*07:02~B*07:02~DRB1*01:01~DQB1*05:01,1,0.00044
A*02:06~C*07:02~B*07:05~DRB1*11:01~DQB1*03:01,0.25,0.00011
A*02:06~C*07:02~B*07:05~DRB1*12:02~DQB1*03:01,0.25,0.00011
A*02:06~C*07:02~B*15:25~DRB1*08:03~DQB1*06:01,1,0.00044
A*02:06~C*07:02~B*18:01~DRB1*15:02~DQB1*06:01,1,0.00044
A*02:06~C*07:02~B*38:02~DRB1*14:04~DQB1*05:03,1,0.00044
A*02:06~C*07:02~B*38:02~DRB1*15:02~DQB1*05:02,2,0.00089
A*02:06~C*07:02~B*39:01~DRB1*07:01~DQB1*02:01,1,0.00044
A*02:06~C*07:02~B*39:01~DRB1*11:01~DQB1*03:01,1,0.00044
A*02:06~C*07:02~B*39:01~DRB1*12:01~DQB1*03:01,1,0.00044
A*02:06~C*07:02~B*40:01~DRB1*04:05~DQB1*04:01,1,0.00044
A*02:06~C*07:02~B*40:01~DRB1*11:01~DQB1*03:01,1,0.00044
A*02:06~C*07:04~B*18:01~DRB1*12:02~DQB1*03:01,2,0.00089
A*02:06~C*08:01~B*15:18~DRB1*04:03~DQB1*03:02,0.8,0.00035
A*02:06~C*08:01~B*15:18~DRB1*15:01~DQB1*06:02,1.2,0.00054
A*02:06~C*08:01~B*27:04~DRB1*09:01~DQB1*03:03,1,0.00044
A*02:06~C*08:01~B*40:06~DRB1*08:03~DQB1*06:01,1.26,0.00056
A*02:06~C*08:01~B*40:06~DRB1*09:01~DQB1*03:03,3.53,0.00157
A*02:06~C*08:01~B*46:01~DRB1*04:04~DQB1*03:02,0.25,0.00011
A*02:06~C*08:01~B*46:01~DRB1*12:02~DQB1*03:01,0.25,0.00011
A*02:06~C*08:01~B*48:01~DRB1*11:01~DQB1*03:01,1,0.00044
A*02:06~C*08:01~B*48:01~DRB1*14:01~DQB1*05:02,1,0.00044
A*02:06~C*08:01~B*48:01~DRB1*14:07~DQB1*05:03,1,0.00044
A*02:06~C*08:02~B*14:02~DRB1*11:01~DQB1*03:01,0.25,0.00011
A*02:06~C*08:02~B*14:02~DRB1*12:02~DQB1*03:01,0.25,0.00011
A*02:06~C*08:03~B*55:02~DRB1*11:01~DQB1*03:01,1,0.00044
A*02:06~C*12:02~B*13:01~DRB1*10:01~DQB1*05:01,0.25,0.00011
A*02:06~C*12:02~B*13:01~DRB1*12:02~DQB1*03:01,0.25,0.00011
A*02:06~C*12:02~B*52:01~DRB1*11:04~DQB1*03:01,1,0.00044
A*02:06~C*12:02~B*52:01~DRB1*12:02~DQB1*03:01,1,0.00044
A*02:06~C*12:02~B*52:01~DRB1*14:04~DQB1*05:03,0.5,0.00022
A*02:06~C*12:03~B*35:03~DRB1*08:03~DQB1*03:01,1,0.00044
A*02:06~C*12:03~B*55:02~DRB1*11:01~DQB1*03:01,1,0.00044
A*02:06~C*14:02~B*37:01~DRB1*10:01~DQB1*05:01,1,0.00044
A*02:06~C*14:02~B*51:01~DRB1*04:03~DQB1*03:02,1,0.00044
A*02:06~C*14:02~B*51:01~DRB1*04:05~DQB1*04:01,3.99,0.00177
A*02:06~C*14:02~B*51:01~DRB1*08:02~DQB1*03:02,1,0.00044
A*02:06~C*14:02~B*51:01~DRB1*09:01~DQB1*03:03,7,0.00311
A*02:06~C*14:02~B*51:01~DRB1*11:01~DQB1*03:01,1,0.00044
A*02:06~C*14:02~B*51:01~DRB1*12:01~DQB1*03:01,3,0.00133
A*02:06~C*14:02~B*51:01~DRB1*13:02~DQB1*06:09,1.01,0.00045
A*02:06~C*14:02~B*51:01~DRB1*14:03~DQB1*03:01,1,0.00044
A*02:06~C*14:02~B*51:02~DRB1*10:01~DQB1*05:01,0.25,0.00011
A*02:06~C*14:02~B*51:02~DRB1*12:02~DQB1*03:01,0.25,0.00011
A*02:06~C*14:03~B*44:03~DRB1*09:01~DQB1*03:03,0.25,0.00011
A*02:06~C*14:03~B*44:03~DRB1*14:01~DQB1*05:03,0.25,0.00011
A*02:06~C*15:02~B*15:01~DRB1*04:06~DQB1*03:02,0.25,0.00011
A*02:06~C*15:02~B*15:01~DRB1*11:01~DQB1*03:01,1,0.00044
A*02:06~C*15:02~B*15:01~DRB1*12:01~DQB1*03:03,0.25,0.00011
A*02:06~C*15:02~B*40:02~DRB1*15:01~DQB1*06:02,2,0.00089
A*02:06~C*15:05~B*07:05~DRB1*16:01~DQB1*05:02,1,0.00044
A*02:06~C*15:11~B*27:05~DRB1*03:01~DQB1*02:01,1,0.00044
A*02:07~C*01:02~B*40:01~DRB1*10:01~DQB1*05:01,1,0.00044
A*02:07~C*01:02~B*46:01~DRB1*03:01~DQB1*02:01,1.07,0.00047
A*02:07~C*01:02~B*46:01~DRB1*04:03~DQB1*03:02,1.1,0.00049
A*02:07~C*01:02~B*46:01~DRB1*04:04~DQB1*03:02,2,0.00089
A*02:07~C*01:02~B*46:01~DRB1*04:05~DQB1*04:01,2.36,0.00105
A*02:07~C*01:02~B*46:01~DRB1*04:06~DQB1*03:02,2.01,0.00089
A*02:07~C*01:02~B*46:01~DRB1*08:03~DQB1*06:01,15.24,0.00677
A*02:07~C*01:02~B*46:01~DRB1*09:01~DQB1*03:03,34.74,0.01544
A*02:07~C*01:02~B*46:01~DRB1*11:01~DQB1*03:01,2.32,0.00103
A*02:07~C*01:02~B*46:01~DRB1*12:01~DQB1*03:01,1.98,0.00088
A*02:07~C*01:02~B*46:01~DRB1*12:02~DQB1*03:01,1.01,0.00045
A*02:07~C*01:02~B*46:01~DRB1*12:02~DQB1*05:02,1,0.00044
A*02:07~C*01:02~B*46:01~DRB1*13:12~DQB1*03:01,1.13,0.0005
A*02:07~C*01:02~B*46:01~DRB1*14:01~DQB1*05:02,2.96,0.00132
A*02:07~C*01:02~B*46:01~DRB1*14:03~DQB1*03:01,2,0.00089
A*02:07~C*01:02~B*46:01~DRB1*14:18~DQB1*05:03,1,0.00044
A*02:07~C*01:02~B*54:01~DRB1*04:05~DQB1*03:03,1,0.00044
A*02:07~C*01:03~B*46:01~DRB1*09:01~DQB1*03:03,0.77,0.00034
A*02:07~C*01:03~B*46:01~DRB1*12:02~DQB1*03:01,1.19,0.00053
A*02:07~C*01:03~B*46:01~DRB1*14:05~DQB1*05:03,1,0.00044
A*02:07~C*01:05~B*46:01~DRB1*09:01~DQB1*03:03,1,0.00044
A*02:07~C*03:02~B*58:01~DRB1*03:01~DQB1*02:01,2,0.00089
A*02:07~C*03:02~B*58:01~DRB1*09:01~DQB1*03:03,1,0.00044
A*02:07~C*03:03~B*55:02~DRB1*04:05~DQB1*04:01,1,0.00044
A*02:07~C*03:04~B*13:01~DRB1*12:02~DQB1*03:01,1,0.00044
A*02:07~C*03:04~B*13:01~DRB1*15:01~DQB1*06:01,1.27,0.00057
A*02:07~C*03:04~B*40:01~DRB1*04:03~DQB1*03:02,1.7,0.00076
A*02:07~C*03:04~B*51:02~DRB1*14:01~DQB1*05:03,1,0.00044
A*02:07~C*04:01~B*35:01~DRB1*01:01~DQB1*05:01,1,0.00044
A*02:07~C*04:01~B*39:15~DRB1*14:22~DQB1*03:01,1,0.00044
A*02:07~C*07:02~B*38:02~DRB1*11:01~DQB1*03:01,1,0.00044
A*02:07~C*07:02~B*38:02~DRB1*15:02~DQB1*05:02,1,0.00044
A*02:07~C*07:02~B*38:02~DRB1*16:02~DQB1*05:02,1.04,0.00046
A*02:07~C*07:02~B*40:01~DRB1*08:03~DQB1*06:01,1.06,0.00047
A*02:07~C*07:02~B*55:02~DRB1*12:02~DQB1*03:01,1,0.00044
A*02:07~C*07:04~B*15:18~DRB1*04:01~DQB1*03:01,0.25,0.00011
A*02:07~C*07:04~B*15:18~DRB1*11:04~DQB1*03:01,0.25,0.00011
A*02:07~C*08:01~B*15:02~DRB1*04:03~DQB1*03:02,1,0.00044
A*02:07~C*08:01~B*15:02~DRB1*12:02~DQB1*03:01,1.04,0.00046
A*02:07~C*12:03~B*15:01~DRB1*04:01~DQB1*03:01,0.25,0.00011
A*02:07~C*12:03~B*15:01~DRB1*11:04~DQB1*03:01,0.25,0.00011
A*02:07~C*14:02~B*51:01~DRB1*09:01~DQB1*03:03,2,0.00089
A*02:07~C*14:02~B*51:01~DRB1*16:02~DQB1*05:02,1,0.00044
A*02:07~C*15:02~B*55:02~DRB1*15:01~DQB1*06:01,1,0.00044
A*02:10~C*01:02~B*54:01~DRB1*12:01~DQB1*03:02,1,0.00044
A*02:10~C*03:03~B*40:02~DRB1*14:01~DQB1*05:03,1,0.00044
A*02:10~C*08:01~B*40:06~DRB1*12:01~DQB1*03:01,1,0.00044
A*02:11~C*01:02~B*56:03~DRB1*12:01~DQB1*03:01,1,0.00044
A*02:11~C*03:03~B*15:05~DRB1*11:11~DQB1*03:01,1,0.00044
A*02:11~C*03:04~B*40:01~DRB1*04:04~DQB1*03:02,1,0.00044
A*02:11~C*04:01~B*35:01~DRB1*08:01~DQB1*04:02,1,0.00044
A*02:11~C*04:01~B*35:03~DRB1*07:01~DQB1*02:01,1,0.00044
A*02:11~C*04:01~B*56:01~DRB1*14:04~DQB1*05:03,0.25,0.00011
A*02:11~C*04:01~B*56:01~DRB1*15:02~DQB1*06:01,0.25,0.00011
A*02:11~C*07:01~B*44:03~DRB1*07:01~DQB1*02:01,3,0.00133
A*02:11~C*07:02~B*08:01~DRB1*16:02~DQB1*05:02,1,0.00044
A*02:11~C*07:02~B*51:01~DRB1*15:01~DQB1*06:01,1,0.00044
A*02:11~C*07:26~B*15:25~DRB1*15:02~DQB1*06:01,1,0.00044
A*02:11~C*12:02~B*52:01~DRB1*04:03~DQB1*03:02,1,0.00044
A*02:11~C*12:02~B*52:01~DRB1*15:02~DQB1*06:01,1,0.00044
A*02:11~C*15:02~B*18:01~DRB1*14:04~DQB1*05:03,0.25,0.00011
A*02:11~C*15:02~B*18:01~DRB1*15:02~DQB1*06:01,0.25,0.00011
A*02:11~C*15:02~B*40:06~DRB1*04:03~DQB1*03:02,1,0.00044
A*02:11~C*15:02~B*40:06~DRB1*14:01~DQB1*05:03,1,0.00044
A*02:11~C*15:02~B*40:06~DRB1*14:04~DQB1*05:03,2.34,0.00104
A*02:11~C*15:02~B*40:06~DRB1*15:01~DQB1*06:01,5.66,0.00251
A*02:11~C*15:02~B*40:06~DRB1*15:02~DQB1*05:01,1,0.00044
A*02:11~C*16:02~B*51:01~DRB1*11:01~DQB1*03:01,2,0.00089
A*02:16~C*12:02~B*40:06~DRB1*11:01~DQB1*03:01,1,0.00044
A*02:16~C*14:02~B*51:06~DRB1*04:10~DQB1*04:02,1,0.00044
A*02:16~C*15:02~B*40:06~DRB1*12:01~DQB1*03:01,1,0.00044
A*02:20~C*07:01~B*49:01~DRB1*13:02~DQB1*06:04,1,0.00044
A*02:20~C*12:02~B*52:01~DRB1*10:01~DQB1*05:01,1,0.00044
A*02:42~C*03:03~B*15:01~DRB1*04:01~DQB1*03:02,1,0.00044
A*03:01~C*01:02~B*27:05~DRB1*08:01~DQB1*04:02,1,0.00044
A*03:01~C*01:02~B*46:01~DRB1*08:03~DQB1*06:01,1,0.00044
A*03:01~C*01:02~B*54:01~DRB1*12:01~DQB1*03:03,1,0.00044
A*03:01~C*01:02~B*55:01~DRB1*13:01~DQB1*06:03,0.25,0.00011
A*03:01~C*01:02~B*55:01~DRB1*14:05~DQB1*05:03,0.25,0.00011
A*03:01~C*01:02~B*56:01~DRB1*07:01~DQB1*02:01,0.25,0.00011
A*03:01~C*01:02~B*56:01~DRB1*09:01~DQB1*03:03,0.25,0.00011
A*03:01~C*01:02~B*59:01~DRB1*13:01~DQB1*06:03,0.25,0.00011
A*03:01~C*01:02~B*59:01~DRB1*14:05~DQB1*05:03,0.25,0.00011
A*03:01~C*03:03~B*40:01~DRB1*04:05~DQB1*04:01,0.25,0.00011
A*03:01~C*03:03~B*40:01~DRB1*15:01~DQB1*06:02,0.25,0.00011
A*03:01~C*03:04~B*13:01~DRB1*08:02~DQB1*04:02,0.25,0.00011
A*03:01~C*03:04~B*13:01~DRB1*09:01~DQB1*03:03,0.25,0.00011
A*03:01~C*03:04~B*15:10~DRB1*15:01~DQB1*06:02,1,0.00044
A*03:01~C*04:01~B*35:01~DRB1*01:01~DQB1*05:01,4,0.00178
A*03:01~C*04:01~B*35:01~DRB1*07:01~DQB1*02:01,1,0.00044
A*03:01~C*04:01~B*35:01~DRB1*14:04~DQB1*05:03,3,0.00133
A*03:01~C*04:01~B*35:02~DRB1*11:04~DQB1*03:01,1,0.00044
A*03:01~C*04:01~B*35:03~DRB1*04:03~DQB1*03:02,1,0.00044
A*03:01~C*04:01~B*35:03~DRB1*11:01~DQB1*03:01,3,0.00133
A*03:01~C*04:01~B*48:01~DRB1*08:02~DQB1*04:02,0.25,0.00011
A*03:01~C*04:01~B*48:01~DRB1*09:01~DQB1*03:03,0.25,0.00011
A*03:01~C*04:01~B*56:01~DRB1*11:01~DQB1*03:01,1,0.00044
A*03:01~C*04:01~B*56:01~DRB1*12:02~DQB1*03:01,1,0.00044
A*03:01~C*05:01~B*18:01~DRB1*03:01~DQB1*02:01,1,0.00044
A*03:01~C*05:01~B*44:02~DRB1*13:01~DQB1*06:03,3,0.00133
A*03:01~C*06:02~B*37:01~DRB1*10:01~DQB1*05:01,1,0.00044
A*03:01~C*06:02~B*50:01~DRB1*07:01~DQB1*02:01,3,0.00133
A*03:01~C*07:01~B*40:06~DRB1*11:01~DQB1*03:01,1,0.00044
A*03:01~C*07:02~B*07:02~DRB1*01:01~DQB1*05:01,1,0.00044
A*03:01~C*07:02~B*07:02~DRB1*03:01~DQB1*02:01,2,0.00089
A*03:01~C*07:02~B*07:02~DRB1*07:01~DQB1*02:01,1,0.00044
A*03:01~C*07:02~B*07:02~DRB1*08:01~DQB1*04:02,1,0.00044
A*03:01~C*08:01~B*40:01~DRB1*08:09~DQB1*04:02,1,0.00044
A*03:01~C*08:02~B*14:02~DRB1*04:05~DQB1*04:01,0.25,0.00011
A*03:01~C*08:02~B*14:02~DRB1*15:01~DQB1*06:02,0.25,0.00011
A*03:01~C*12:02~B*52:01~DRB1*15:02~DQB1*06:01,5,0.00222
A*03:01~C*12:03~B*35:03~DRB1*11:01~DQB1*03:01,2,0.00089
A*03:01~C*12:03~B*38:01~DRB1*04:01~DQB1*03:02,1,0.00044
A*03:01~C*12:03~B*38:01~DRB1*07:01~DQB1*02:01,2,0.00089
A*03:01~C*12:03~B*38:02~DRB1*15:04~DQB1*05:02,1,0.00044
A*03:01~C*12:03~B*39:01~DRB1*13:01~DQB1*06:03,1,0.00044
A*03:01~C*14:02~B*51:01~DRB1*15:01~DQB1*06:01,1,0.00044
A*03:01~C*15:02~B*51:01~DRB1*04:02~DQB1*03:02,1,0.00044
A*03:01~C*15:05~B*07:05~DRB1*07:01~DQB1*02:01,0.25,0.00011
A*03:01~C*15:05~B*07:05~DRB1*09:01~DQB1*03:03,0.25,0.00011
A*03:02~C*01:02~B*56:01~DRB1*07:01~DQB1*02:01,0.25,0.00011
A*03:02~C*01:02~B*56:01~DRB1*09:01~DQB1*03:03,0.25,0.00011
A*03:02~C*04:01~B*35:03~DRB1*15:06~DQB1*05:02,1,0.00044
A*03:02~C*06:02~B*13:02~DRB1*07:01~DQB1*02:01,1,0.00044
A*03:02~C*07:01~B*18:01~DRB1*04:03~DQB1*03:02,1,0.00044
A*03:02~C*07:02~B*08:01~DRB1*03:01~DQB1*02:01,2,0.00089
A*03:02~C*12:02~B*52:01~DRB1*04:03~DQB1*03:02,1,0.00044
A*03:02~C*12:03~B*35:08~DRB1*04:04~DQB1*04:02,1,0.00044
A*03:02~C*12:03~B*40:01~DRB1*14:04~DQB1*05:03,1,0.00044
A*03:02~C*15:02~B*51:01~DRB1*08:02~DQB1*03:02,1,0.00044
A*03:02~C*15:05~B*07:05~DRB1*07:01~DQB1*02:01,0.25,0.00011
A*03:02~C*15:05~B*07:05~DRB1*09:01~DQB1*03:03,0.25,0.00011
A*11:01~C*01:02~B*15:01~DRB1*14:01~DQB1*05:03,1,0.00044
A*11:01~C*01:02~B*15:01~DRB1*14:04~DQB1*05:03,1,0.00044
A*11:01~C*01:02~B*15:08~DRB1*04:06~DQB1*03:02,1,0.00044
A*11:01~C*01:02~B*37:01~DRB1*04:03~DQB1*03:02,0.25,0.00011
A*11:01~C*01:02~B*37:01~DRB1*15:06~DQB1*05:02,0.25,0.00011
A*11:01~C*01:02~B*40:06~DRB1*13:01~DQB1*06:03,1,0.00044
A*11:01~C*01:02~B*46:01~DRB1*07:01~DQB1*02:01,1.16,0.00051
A*11:01~C*01:02~B*46:01~DRB1*09:01~DQB1*03:03,8.46,0.00376
A*11:01~C*01:02~B*46:01~DRB1*12:02~DQB1*03:01,1,0.00044
A*11:01~C*01:02~B*46:01~DRB1*14:03~DQB1*03:01,1,0.00044
A*11:01~C*01:02~B*46:01~DRB1*15:01~DQB1*06:01,1,0.00044
A*11:01~C*01:02~B*46:01~DRB1*15:02~DQB1*06:02,1,0.00044
A*11:01~C*01:02~B*54:01~DRB1*04:05~DQB1*04:01,14.24,0.00633
A*11:01~C*01:02~B*54:01~DRB1*12:02~DQB1*03:01,3.57,0.00159
A*11:01~C*01:02~B*54:01~DRB1*13:12~DQB1*03:01,1,0.00044
A*11:01~C*01:02~B*54:01~DRB1*15:01~DQB1*05:03,1,0.00044
A*11:01~C*01:02~B*55:02~DRB1*04:05~DQB1*04:01,4.02,0.00179
A*11:01~C*01:02~B*55:02~DRB1*09:01~DQB1*03:03,2,0.00089
A*11:01~C*01:02~B*55:02~DRB1*15:01~DQB1*06:02,3,0.00133
A*11:01~C*01:02~B*56:01~DRB1*03:01~DQB1*02:01,1,0.00044
A*11:01~C*01:02~B*56:01~DRB1*04:05~DQB1*04:01,1,0.00044
A*11:01~C*01:02~B*56:01~DRB1*12:01~DQB1*03:03,1,0.00044
A*11:01~C*01:02~B*56:01~DRB1*14:01~DQB1*05:02,1,0.00044
A*11:01~C*01:02~B*56:01~DRB1*15:01~DQB1*05:02,1,0.00044
A*11:01~C*01:02~B*56:01~DRB1*15:02~DQB1*05:01,1,0.00044
A*11:01~C*01:02~B*56:03~DRB1*04:06~DQB1*03:02,1,0.00044
A*11:01~C*01:02~B*56:04~DRB1*15:02~DQB1*05:01,1,0.00044
A*11:01~C*01:03~B*46:01~DRB1*09:01~DQB1*03:03,1.21,0.00054
A*11:01~C*01:18~B*54:01~DRB1*04:05~DQB1*04:01,1,0.00044
A*11:01~C*02:02~B*27:05~DRB1*04:04~DQB1*03:02,1,0.00044
A*11:01~C*02:02~B*27:05~DRB1*04:08~DQB1*03:01,1,0.00044
A*11:01~C*03:02~B*58:01~DRB1*07:01~DQB1*03:03,1,0.00044
A*11:01~C*03:02~B*58:01~DRB1*09:01~DQB1*03:03,1,0.00044
A*11:01~C*03:02~B*58:01~DRB1*13:02~DQB1*06:09,4,0.00178
A*11:01~C*03:03~B*15:01~DRB1*13:50~DQB1*03:01,1,0.00044
A*11:01~C*03:03~B*15:01~DRB1*15:01~DQB1*06:02,1,0.00044
A*11:01~C*03:03~B*15:01~DRB1*15:02~DQB1*05:01,1,0.00044
A*11:01~C*03:03~B*15:05~DRB1*04:06~DQB1*03:02,1,0.00044
A*11:01~C*03:03~B*15:11~DRB1*04:04~DQB1*03:02,0.25,0.00011
A*11:01~C*03:03~B*15:11~DRB1*12:02~DQB1*03:01,0.25,0.00011
A*11:01~C*03:03~B*15:12~DRB1*12:02~DQB1*03:01,1,0.00044
A*11:01~C*03:03~B*35:01~DRB1*14:01~DQB1*05:02,0.5,0.00022
A*11:01~C*03:03~B*35:01~DRB1*14:03~DQB1*03:01,0.5,0.00022
A*11:01~C*03:03~B*35:01~DRB1*15:01~DQB1*06:02,3.48,0.00155
A*11:01~C*03:03~B*40:02~DRB1*14:05~DQB1*05:03,2.8,0.00124
A*11:01~C*03:03~B*55:02~DRB1*09:01~DQB1*03:03,1.98,0.00088
A*11:01~C*03:04~B*13:01~DRB1*09:01~DQB1*03:03,1,0.00044
A*11:01~C*03:04~B*13:01~DRB1*12:02~DQB1*03:01,4.78,0.00213
A*11:01~C*03:04~B*13:01~DRB1*12:02~DQB1*05:02,1,0.00044
A*11:01~C*03:04~B*13:01~DRB1*15:01~DQB1*06:01,9.56,0.00425
A*11:01~C*03:04~B*13:01~DRB1*15:01~DQB1*06:02,2,0.00089
A*11:01~C*03:04~B*13:01~DRB1*15:02~DQB1*06:02,2,0.00089
A*11:01~C*03:04~B*13:01~DRB1*16:02~DQB1*05:02,4,0.00178
A*11:01~C*03:04~B*27:06~DRB1*08:03~DQB1*06:01,1,0.00044
A*11:01~C*03:04~B*27:06~DRB1*12:02~DQB1*03:01,2,0.00089
A*11:01~C*03:04~B*40:01~DRB1*04:03~DQB1*03:02,2,0.00089
A*11:01~C*03:04~B*40:01~DRB1*04:05~DQB1*04:01,1,0.00044
A*11:01~C*03:04~B*40:01~DRB1*08:03~DQB1*06:01,2,0.00089
A*11:01~C*03:04~B*40:01~DRB1*09:01~DQB1*03:03,1,0.00044
A*11:01~C*03:04~B*40:01~DRB1*10:01~DQB1*05:01,1,0.00044
A*11:01~C*03:04~B*40:01~DRB1*11:01~DQB1*03:01,3,0.00133
A*11:01~C*03:04~B*40:01~DRB1*12:01~DQB1*03:01,1,0.00044
A*11:01~C*03:04~B*40:01~DRB1*14:01~DQB1*05:02,0.5,0.00022
A*11:01~C*03:04~B*40:01~DRB1*14:03~DQB1*03:01,0.5,0.00022
A*11:01~C*03:04~B*40:01~DRB1*15:01~DQB1*05:02,1,0.00044
A*11:01~C*03:04~B*40:01~DRB1*15:01~DQB1*06:01,3.18,0.00141
A*11:01~C*03:04~B*40:02~DRB1*04:03~DQB1*03:02,2,0.00089
A*11:01~C*03:04~B*40:02~DRB1*14:05~DQB1*05:03,1,0.00044
A*11:01~C*04:01~B*15:01~DRB1*04:06~DQB1*03:02,7.82,0.00348
A*11:01~C*04:01~B*15:01~DRB1*09:01~DQB1*03:03,1.18,0.00052
A*11:01~C*04:01~B*15:01~DRB1*12:02~DQB1*03:01,1,0.00044
A*11:01~C*04:01~B*15:01~DRB1*13:12~DQB1*03:02,1,0.00044
A*11:01~C*04:01~B*15:01~DRB1*15:01~DQB1*06:02,1,0.00044
A*11:01~C*04:01~B*15:01~DRB1*15:06~DQB1*05:02,2,0.00089
A*11:01~C*04:01~B*15:18~DRB1*14:04~DQB1*05:03,1,0.00044
A*11:01~C*04:01~B*15:27~DRB1*04:06~DQB1*03:02,4.16,0.00185
A*11:01~C*04:01~B*35:01~DRB1*01:01~DQB1*05:01,5,0.00222
A*11:01~C*04:01~B*35:01~DRB1*04:04~DQB1*04:02,0.5,0.00022
A*11:01~C*04:01~B*35:01~DRB1*04:05~DQB1*05:02,1,0.00044
A*11:01~C*04:01~B*35:01~DRB1*07:01~DQB1*03:03,1,0.00044
A*11:01~C*04:01~B*35:01~DRB1*13:01~DQB1*06:03,4,0.00178
A*11:01~C*04:01~B*35:01~DRB1*13:03~DQB1*03:01,0.5,0.00022
A*11:01~C*04:01~B*35:01~DRB1*15:01~DQB1*06:02,1,0.00044
A*11:01~C*04:01~B*35:01~DRB1*15:02~DQB1*06:01,3,0.00133
A*11:01~C*04:01~B*35:03~DRB1*04:03~DQB1*03:02,2,0.00089
A*11:01~C*04:01~B*35:03~DRB1*07:01~DQB1*02:01,1,0.00044
A*11:01~C*04:01~B*35:03~DRB1*12:01~DQB1*03:01,1,0.00044
A*11:01~C*04:01~B*35:03~DRB1*13:01~DQB1*06:03,3,0.00133
A*11:01~C*04:01~B*35:05~DRB1*11:01~DQB1*03:01,0.25,0.00011
A*11:01~C*04:01~B*35:05~DRB1*15:01~DQB1*06:01,0.25,0.00011
A*11:01~C*04:01~B*35:05~DRB1*15:02~DQB1*05:01,1,0.00044
A*11:01~C*04:01~B*40:01~DRB1*15:01~DQB1*06:01,1,0.00044
A*11:01~C*04:03~B*13:01~DRB1*15:01~DQB1*06:01,2,0.00089
A*11:01~C*04:03~B*15:21~DRB1*15:02~DQB1*06:01,1,0.00044
A*11:01~C*04:03~B*15:25~DRB1*12:02~DQB1*03:01,2.03,0.0009
A*11:01~C*04:03~B*15:25~DRB1*15:01~DQB1*05:02,1.55,0.00069
A*11:01~C*04:03~B*15:25~DRB1*15:01~DQB1*06:02,1,0.00044
A*11:01~C*04:03~B*15:25~DRB1*16:02~DQB1*05:02,1,0.00044
A*11:01~C*04:03~B*39:01~DRB1*11:01~DQB1*03:01,1,0.00044
A*11:01~C*04:03~B*40:10~DRB1*15:02~DQB1*05:02,0.5,0.00022
A*11:01~C*04:06~B*13:01~DRB1*11:01~DQB1*03:01,2,0.00089
A*11:01~C*04:06~B*13:01~DRB1*15:02~DQB1*05:01,1,0.00044
A*11:01~C*04:10~B*52:01~DRB1*04:03~DQB1*03:02,1,0.00044
A*11:01~C*05:01~B*44:02~DRB1*13:01~DQB1*06:03,1,0.00044
A*11:01~C*06:02~B*13:02~DRB1*04:05~DQB1*03:02,1,0.00044
A*11:01~C*06:02~B*13:02~DRB1*04:06~DQB1*03:02,1,0.00044
A*11:01~C*06:02~B*13:02~DRB1*08:03~DQB1*06:01,2,0.00089
A*11:01~C*06:02~B*50:01~DRB1*07:01~DQB1*02:01,3.37,0.0015
A*11:01~C*06:02~B*50:01~DRB1*11:01~DQB1*03:01,0.25,0.00011
A*11:01~C*06:02~B*50:01~DRB1*15:01~DQB1*06:01,0.25,0.00011
A*11:01~C*06:02~B*57:01~DRB1*01:01~DQB1*05:01,1,0.00044
A*11:01~C*06:02~B*57:01~DRB1*07:01~DQB1*03:03,1,0.00044
A*11:01~C*06:02~B*57:01~DRB1*15:06~DQB1*05:02,0.25,0.00011
A*11:01~C*06:02~B*57:01~DRB1*16:02~DQB1*05:02,0.25,0.00011
A*11:01~C*07:01~B*18:01~DRB1*15:06~DQB1*05:02,1,0.00044
A*11:01~C*07:01~B*44:03~DRB1*07:01~DQB1*02:01,4,0.00178
A*11:01~C*07:02~B*07:02~DRB1*01:01~DQB1*05:01,1,0.00044
A*11:01~C*07:02~B*07:02~DRB1*04:03~DQB1*03:02,2,0.00089
A*11:01~C*07:02~B*07:02~DRB1*08:02~DQB1*04:02,1,0.00044
A*11:01~C*07:02~B*07:02~DRB1*15:06~DQB1*05:02,0.25,0.00011
A*11:01~C*07:02~B*07:02~DRB1*16:02~DQB1*05:02,0.25,0.00011
A*11:01~C*07:02~B*07:05~DRB1*04:05~DQB1*04:02,1,0.00044
A*11:01~C*07:02~B*07:05~DRB1*11:06~DQB1*03:01,1,0.00044
A*11:01~C*07:02~B*08:01~DRB1*13:01~DQB1*06:03,3,0.00133
A*11:01~C*07:02~B*15:35~DRB1*04:05~DQB1*04:01,1,0.00044
A*11:01~C*07:02~B*15:35~DRB1*15:02~DQB1*06:01,1,0.00044
A*11:01~C*07:02~B*38:02~DRB1*07:01~DQB1*02:01,2,0.00089
A*11:01~C*07:02~B*38:02~DRB1*08:03~DQB1*06:01,2,0.00089
A*11:01~C*07:02~B*38:02~DRB1*09:01~DQB1*03:03,1.05,0.00047
A*11:01~C*07:02~B*38:02~DRB1*11:01~DQB1*03:01,1,0.00044
A*11:01~C*07:02~B*38:02~DRB1*11:06~DQB1*03:01,2,0.00089
A*11:01~C*07:02~B*38:02~DRB1*12:01~DQB1*03:01,1,0.00044
A*11:01~C*07:02~B*38:02~DRB1*12:02~DQB1*03:01,2.22,0.00099
A*11:01~C*07:02~B*38:02~DRB1*15:02~DQB1*05:01,2.71,0.0012
A*11:01~C*07:02~B*38:02~DRB1*15:02~DQB1*05:02,9.86,0.00438
A*11:01~C*07:02~B*39:01~DRB1*04:03~DQB1*03:02,1,0.00044
A*11:01~C*07:02~B*39:01~DRB1*04:04~DQB1*03:02,0.5,0.00022
A*11:01~C*07:02~B*39:01~DRB1*08:03~DQB1*06:01,7,0.00311
A*11:01~C*07:02~B*39:01~DRB1*09:01~DQB1*03:03,2,0.00089
A*11:01~C*07:02~B*39:01~DRB1*11:01~DQB1*03:01,1,0.00044
A*11:01~C*07:02~B*39:01~DRB1*14:01~DQB1*05:02,0.5,0.00022
A*11:01~C*07:02~B*39:05~DRB1*04:05~DQB1*04:01,1,0.00044
A*11:01~C*07:02~B*40:01~DRB1*04:05~DQB1*03:01,1,0.00044
A*11:01~C*07:02~B*40:01~DRB1*04:05~DQB1*04:01,2.69,0.0012
A*11:01~C*07:02~B*40:01~DRB1*04:06~DQB1*03:02,1,0.00044
A*11:01~C*07:02~B*40:01~DRB1*08:01~DQB1*06:01,0.25,0.00011
A*11:01~C*07:02~B*40:01~DRB1*08:03~DQB1*06:01,5.99,0.00266
A*11:01~C*07:02~B*40:01~DRB1*08:09~DQB1*04:02,1.9,0.00085
A*11:01~C*07:02~B*40:01~DRB1*09:01~DQB1*03:03,5.83,0.00259
A*11:01~C*07:02~B*40:01~DRB1*11:01~DQB1*03:01,1,0.00044
A*11:01~C*07:02~B*40:01~DRB1*12:01~DQB1*03:01,5,0.00222
A*11:01~C*07:02~B*40:01~DRB1*12:01~DQB1*05:02,0.25,0.00011
A*11:01~C*07:02~B*40:01~DRB1*12:02~DQB1*03:01,3,0.00133
A*11:01~C*07:02~B*40:01~DRB1*13:02~DQB1*06:09,1,0.00044
A*11:01~C*07:02~B*40:01~DRB1*13:12~DQB1*03:01,0.99,0.00044
A*11:01~C*07:02~B*40:01~DRB1*14:01~DQB1*05:03,1.12,0.0005
A*11:01~C*07:02~B*40:01~DRB1*15:01~DQB1*06:01,1,0.00044
A*11:01~C*07:02~B*40:01~DRB1*16:02~DQB1*05:02,1,0.00044
A*11:01~C*07:02~B*40:02~DRB1*08:03~DQB1*06:01,1,0.00044
A*11:01~C*07:02~B*40:06~DRB1*15:01~DQB1*06:01,1,0.00044
A*11:01~C*07:02~B*46:01~DRB1*12:02~DQB1*03:01,1,0.00044
A*11:01~C*07:02~B*54:01~DRB1*15:02~DQB1*05:01,1,0.00044
A*11:01~C*07:02~B*56:01~DRB1*04:06~DQB1*03:02,1,0.00044
A*11:01~C*07:02~B*67:01~DRB1*14:05~DQB1*05:03,1,0.00044
A*11:01~C*07:04~B*18:01~DRB1*15:02~DQB1*05:01,1,0.00044
A*11:01~C*07:04~B*18:02~DRB1*04:03~DQB1*03:02,1,0.00044
A*11:01~C*07:04~B*44:02~DRB1*07:01~DQB1*02:01,0.5,0.00022
A*11:01~C*07:04~B*44:02~DRB1*11:01~DQB1*03:01,0.5,0.00022
A*11:01~C*07:27~B*38:02~DRB1*15:02~DQB1*05:02,1,0.00044
A*11:01~C*08:01~B*15:01~DRB1*14:01~DQB1*05:02,1,0.00044
A*11:01~C*08:01~B*15:02~DRB1*04:05~DQB1*04:01,2,0.00089
A*11:01~C*08:01~B*15:02~DRB1*08:03~DQB1*06:01,1.01,0.00045
A*11:01~C*08:01~B*15:02~DRB1*09:01~DQB1*03:03,5.1,0.00227
A*11:01~C*08:01~B*15:02~DRB1*11:01~DQB1*03:01,1,0.00044
A*11:01~C*08:01~B*15:02~DRB1*12:02~DQB1*03:01,31.79,0.01413
A*11:01~C*08:01~B*15:02~DRB1*13:12~DQB1*03:01,1,0.00044
A*11:01~C*08:01~B*15:02~DRB1*15:01~DQB1*06:01,7,0.00311
A*11:01~C*08:01~B*15:02~DRB1*15:07~DQB1*05:02,1,0.00044
A*11:01~C*08:01~B*15:13~DRB1*12:02~DQB1*03:01,1,0.00044
A*11:01~C*08:01~B*35:01~DRB1*15:01~DQB1*06:02,1,0.00044
A*11:01~C*08:01~B*40:06~DRB1*09:01~DQB1*03:03,3.17,0.00141
A*11:01~C*08:01~B*40:06~DRB1*12:02~DQB1*03:01,1.04,0.00046
A*11:01~C*08:01~B*46:01~DRB1*04:04~DQB1*03:02,0.25,0.00011
A*11:01~C*08:01~B*46:01~DRB1*12:02~DQB1*03:01,0.25,0.00011
A*11:01~C*08:01~B*48:01~DRB1*09:01~DQB1*03:03,3,0.00133
A*11:01~C*08:01~B*48:01~DRB1*12:01~DQB1*03:01,1,0.00044
A*11:01~C*08:01~B*48:01~DRB1*15:01~DQB1*06:02,1,0.00044
A*11:01~C*12:02~B*13:01~DRB1*10:01~DQB1*05:01,0.25,0.00011
A*11:01~C*12:02~B*13:01~DRB1*12:02~DQB1*03:01,0.25,0.00011
A*11:01~C*12:02~B*27:04~DRB1*14:05~DQB1*05:03,1,0.00044
A*11:01~C*12:02~B*40:01~DRB1*09:01~DQB1*03:03,1,0.00044
A*11:01~C*12:02~B*52:01~DRB1*07:01~DQB1*02:01,1,0.00044
A*11:01~C*12:02~B*52:01~DRB1*11:01~DQB1*03:01,1,0.00044
A*11:01~C*12:02~B*52:01~DRB1*12:02~DQB1*03:01,2,0.00089
A*11:01~C*12:02~B*52:01~DRB1*15:01~DQB1*06:01,1,0.00044
A*11:01~C*12:02~B*52:01~DRB1*15:01~DQB1*06:02,2,0.00089
A*11:01~C*12:02~B*52:01~DRB1*15:02~DQB1*06:01,8.44,0.00375
A*11:01~C*12:03~B*15:01~DRB1*07:01~DQB1*02:01,1,0.00044
A*11:01~C*12:03~B*18:01~DRB1*11:01~DQB1*03:01,1,0.00044
A*11:01~C*12:03~B*40:01~DRB1*14:04~DQB1*06:01,1,0.00044
A*11:01~C*14:02~B*35:03~DRB1*13:01~DQB1*06:03,1,0.00044
A*11:01~C*14:02~B*40:01~DRB1*11:06~DQB1*03:01,1,0.00044
A*11:01~C*14:02~B*51:01~DRB1*04:04~DQB1*03:02,0.5,0.00022
A*11:01~C*14:02~B*51:01~DRB1*04:05~DQB1*04:01,3,0.00133
A*11:01~C*14:02~B*51:01~DRB1*09:01~DQB1*03:03,4.68,0.00208
A*11:01~C*14:02~B*51:01~DRB1*11:01~DQB1*03:01,2,0.00089
A*11:01~C*14:02~B*51:01~DRB1*11:06~DQB1*03:01,1,0.00044
A*11:01~C*14:02~B*51:01~DRB1*12:01~DQB1*03:01,1.45,0.00064
A*11:01~C*14:02~B*51:01~DRB1*12:01~DQB1*03:02,0.38,0.00017
A*11:01~C*14:02~B*51:01~DRB1*13:01~DQB1*06:03,1,0.00044
A*11:01~C*14:02~B*51:01~DRB1*14:01~DQB1*05:02,0.5,0.00022
A*11:01~C*14:02~B*51:01~DRB1*14:04~DQB1*05:03,4,0.00178
A*11:01~C*14:02~B*51:01~DRB1*15:01~DQB1*06:01,1.03,0.00046
A*11:01~C*14:02~B*51:02~DRB1*08:01~DQB1*06:01,0.25,0.00011
A*11:01~C*14:02~B*51:02~DRB1*10:01~DQB1*05:01,0.25,0.00011
A*11:01~C*14:02~B*51:02~DRB1*12:01~DQB1*05:02,0.25,0.00011
A*11:01~C*14:02~B*51:02~DRB1*12:02~DQB1*03:01,0.25,0.00011
A*11:01~C*14:02~B*51:02~DRB1*12:02~DQB1*05:02,1,0.00044
A*11:01~C*15:02~B*27:05~DRB1*11:01~DQB1*03:01,1,0.00044
A*11:01~C*15:02~B*39:15~DRB1*12:02~DQB1*03:01,1,0.00044
A*11:01~C*15:02~B*40:02~DRB1*08:03~DQB1*06:01,1,0.00044
A*11:01~C*15:02~B*40:02~DRB1*15:02~DQB1*05:02,1.5,0.00067
A*11:01~C*15:02~B*40:02~DRB1*15:02~DQB1*05:03,2,0.00089
A*11:01~C*15:02~B*40:06~DRB1*10:01~DQB1*05:01,2,0.00089
A*11:01~C*15:02~B*40:06~DRB1*16:02~DQB1*05:02,2,0.00089
A*11:01~C*15:02~B*51:01~DRB1*04:06~DQB1*03:02,1,0.00044
A*11:01~C*15:02~B*51:01~DRB1*07:01~DQB1*02:01,0.5,0.00022
A*11:01~C*15:02~B*51:01~DRB1*11:01~DQB1*03:01,0.5,0.00022
A*11:01~C*15:02~B*51:01~DRB1*13:01~DQB1*06:03,1,0.00044
A*11:01~C*15:02~B*51:02~DRB1*04:03~DQB1*03:02,1,0.00044
A*11:01~C*15:02~B*51:02~DRB1*12:02~DQB1*03:01,1,0.00044
A*11:01~C*15:05~B*07:05~DRB1*10:01~DQB1*05:01,1,0.00044
A*11:01~C*16:02~B*15:18~DRB1*04:03~DQB1*03:02,0.25,0.00011
A*11:01~C*16:02~B*15:18~DRB1*15:06~DQB1*05:02,0.25,0.00011
A*11:01~C*16:02~B*51:01~DRB1*11:04~DQB1*03:01,1,0.00044
A*11:01~C*16:02~B*51:01~DRB1*14:04~DQB1*05:03,1,0.00044
A*11:02~C*01:02~B*46:01~DRB1*04:04~DQB1*03:02,1,0.00044
A*11:02~C*01:02~B*46:01~DRB1*04:05~DQB1*04:01,2,0.00089
A*11:02~C*01:02~B*46:01~DRB1*16:02~DQB1*05:02,1,0.00044
A*11:02~C*03:04~B*13:01~DRB1*03:01~DQB1*02:01,0.25,0.00011
A*11:02~C*03:04~B*13:01~DRB1*07:01~DQB1*02:01,0.25,0.00011
A*11:02~C*03:04~B*13:01~DRB1*14:25~DQB1*03:01,0.25,0.00011
A*11:02~C*03:04~B*13:01~DRB1*15:01~DQB1*05:02,0.25,0.00011
A*11:02~C*03:04~B*15:12~DRB1*12:02~DQB1*03:01,1,0.00044
A*11:02~C*03:04~B*40:01~DRB1*16:02~DQB1*05:02,2,0.00089
A*11:02~C*03:04~B*40:06~DRB1*03:01~DQB1*02:01,0.25,0.00011
A*11:02~C*03:04~B*40:06~DRB1*14:25~DQB1*03:01,0.25,0.00011
A*11:02~C*03:04~B*40:40~DRB1*09:01~DQB1*03:03,1,0.00044
A*11:02~C*04:01~B*15:27~DRB1*04:01~DQB1*03:01,1,0.00044
A*11:02~C*04:01~B*15:27~DRB1*14:05~DQB1*05:03,1,0.00044
A*11:02~C*04:01~B*35:01~DRB1*07:01~DQB1*02:01,0.25,0.00011
A*11:02~C*04:01~B*35:01~DRB1*09:01~DQB1*03:03,1,0.00044
A*11:02~C*04:01~B*35:01~DRB1*15:01~DQB1*05:02,0.25,0.00011
A*11:02~C*04:03~B*13:01~DRB1*04:05~DQB1*04:01,1,0.00044
A*11:02~C*07:02~B*38:02~DRB1*13:12~DQB1*03:01,1,0.00044
A*11:02~C*07:02~B*38:02~DRB1*14:01~DQB1*05:03,1.95,0.00087
A*11:02~C*07:02~B*38:02~DRB1*15:02~DQB1*05:01,1,0.00044
A*11:02~C*07:02~B*39:01~DRB1*08:03~DQB1*06:01,0.25,0.00011
A*11:02~C*07:02~B*39:01~DRB1*14:05~DQB1*05:03,0.25,0.00011
A*11:02~C*07:02~B*55:02~DRB1*04:04~DQB1*03:02,1,0.00044
A*11:02~C*07:02~B*55:02~DRB1*12:02~DQB1*03:01,1,0.00044
A*11:02~C*08:01~B*15:02~DRB1*12:02~DQB1*03:01,6.05,0.00269
A*11:02~C*08:03~B*48:01~DRB1*08:03~DQB1*06:01,0.25,0.00011
A*11:02~C*08:03~B*48:01~DRB1*14:05~DQB1*05:03,0.25,0.00011
A*11:02~C*12:02~B*27:04~DRB1*08:03~DQB1*06:01,2,0.00089
A*11:02~C*12:02~B*27:04~DRB1*12:01~DQB1*03:01,1,0.00044
A*11:02~C*12:02~B*27:04~DRB1*12:02~DQB1*03:01,4,0.00178
A*11:02~C*12:02~B*27:04~DRB1*14:01~DQB1*05:02,1,0.00044
A*11:02~C*12:02~B*27:04~DRB1*14:05~DQB1*05:03,2,0.00089
A*11:02~C*12:02~B*27:20~DRB1*12:02~DQB1*03:01,1,0.00044
A*11:02~C*12:02~B*40:01~DRB1*04:06~DQB1*03:02,1,0.00044
A*11:02~C*12:02~B*40:01~DRB1*08:03~DQB1*06:01,0.25,0.00011
A*11:02~C*12:02~B*40:01~DRB1*14:04~DQB1*05:03,0.25,0.00011
A*11:02~C*12:02~B*40:01~DRB1*16:02~DQB1*05:02,1,0.00044
A*11:02~C*12:02~B*58:01~DRB1*03:01~DQB1*02:01,1,0.00044
A*11:02~C*12:03~B*55:02~DRB1*15:01~DQB1*06:01,1,0.00044
A*11:02~C*15:02~B*40:02~DRB1*08:03~DQB1*06:01,0.25,0.00011
A*11:02~C*15:02~B*40:02~DRB1*14:04~DQB1*05:03,0.25,0.00011
A*11:02~C*15:02~B*51:02~DRB1*14:01~DQB1*05:02,1,0.00044
A*11:03~C*15:02~B*27:07~DRB1*10:01~DQB1*05:01,1,0.00044
A*11:19~C*03:04~B*40:01~DRB1*04:01~DQB1*03:02,0.25,0.00011
A*11:19~C*03:04~B*40:01~DRB1*07:01~DQB1*03:03,0.25,0.00011
A*11:19~C*06:02~B*57:01~DRB1*04:01~DQB1*03:02,0.25,0.00011
A*11:19~C*06:02~B*57:01~DRB1*07:01~DQB1*03:03,0.25,0.00011
A*23:01~C*04:01~B*51:01~DRB1*04:05~DQB1*04:01,0.25,0.00011
A*23:01~C*04:01~B*51:01~DRB1*15:02~DQB1*06:01,0.25,0.00011
A*23:01~C*06:02~B*45:01~DRB1*07:01~DQB1*02:01,2,0.00089
A*23:01~C*07:01~B*15:17~DRB1*15:01~DQB1*06:02,1,0.00044
A*23:01~C*07:02~B*07:02~DRB1*04:05~DQB1*04:01,0.25,0.00011
A*23:01~C*07:02~B*07:02~DRB1*15:02~DQB1*06:01,0.25,0.00011
A*23:01~C*17:01~B*41:01~DRB1*14:01~DQB1*05:03,1,0.00044
A*24:02~C*01:02~B*15:01~DRB1*11:01~DQB1*03:01,3,0.00133
A*24:02~C*01:02~B*40:01~DRB1*04:05~DQB1*04:01,1,0.00044
A*24:02~C*01:02~B*40:06~DRB1*01:01~DQB1*05:01,1,0.00044
A*24:02~C*01:02~B*46:01~DRB1*08:03~DQB1*06:01,4.25,0.00189
A*24:02~C*01:02~B*46:01~DRB1*09:01~DQB1*03:03,14.3,0.00635
A*24:02~C*01:02~B*46:01~DRB1*11:01~DQB1*03:01,1.63,0.00072
A*24:02~C*01:02~B*46:01~DRB1*12:02~DQB1*03:01,1,0.00044
A*24:02~C*01:02~B*46:01~DRB1*14:01~DQB1*05:03,1,0.00044
A*24:02~C*01:02~B*46:01~DRB1*16:02~DQB1*05:02,1,0.00044
A*24:02~C*01:02~B*54:01~DRB1*04:05~DQB1*04:01,8.16,0.00363
A*24:02~C*01:02~B*54:01~DRB1*08:03~DQB1*06:01,7.59,0.00337
A*24:02~C*01:02~B*54:01~DRB1*11:01~DQB1*03:01,1.02,0.00046
A*24:02~C*01:02~B*54:01~DRB1*14:05~DQB1*05:03,3.66,0.00163
A*24:02~C*01:02~B*54:01~DRB1*15:01~DQB1*06:02,1,0.00044
A*24:02~C*01:02~B*55:01~DRB1*10:01~DQB1*05:01,2,0.00089
A*24:02~C*01:02~B*55:02~DRB1*08:03~DQB1*03:01,0.25,0.00011
A*24:02~C*01:02~B*55:02~DRB1*12:02~DQB1*03:01,1,0.00044
A*24:02~C*01:02~B*55:02~DRB1*14:07~DQB1*05:02,0.25,0.00011
A*24:02~C*01:02~B*56:01~DRB1*15:01~DQB1*06:02,1,0.00044
A*24:02~C*01:02~B*59:01~DRB1*04:05~DQB1*04:01,10,0.00444
A*24:02~C*01:02~B*59:01~DRB1*14:05~DQB1*05:03,1,0.00044
A*24:02~C*01:03~B*13:02~DRB1*07:01~DQB1*02:01,1,0.00044
A*24:02~C*03:02~B*58:01~DRB1*03:01~DQB1*02:01,5.92,0.00263
A*24:02~C*03:02~B*58:01~DRB1*12:02~DQB1*03:01,1,0.00044
A*24:02~C*03:02~B*58:01~DRB1*13:02~DQB1*06:04,1,0.00044
A*24:02~C*03:03~B*15:01~DRB1*04:05~DQB1*05:03,1,0.00044
A*24:02~C*03:03~B*15:01~DRB1*11:01~DQB1*03:01,1,0.00044
A*24:02~C*03:03~B*15:01~DRB1*14:06~DQB1*03:01,1.2,0.00054
A*24:02~C*03:03~B*15:01~DRB1*14:19~DQB1*03:01,1,0.00044
A*24:02~C*03:03~B*15:05~DRB1*07:01~DQB1*02:01,1,0.00044
A*24:02~C*03:03~B*15:05~DRB1*15:02~DQB1*05:03,2,0.00089
A*24:02~C*03:03~B*15:07~DRB1*12:01~DQB1*03:01,0.25,0.00011
A*24:02~C*03:03~B*15:07~DRB1*14:05~DQB1*05:03,0.25,0.00011
A*24:02~C*03:03~B*15:11~DRB1*09:01~DQB1*03:03,1.08,0.00048
A*24:02~C*03:03~B*35:01~DRB1*04:03~DQB1*03:02,1.2,0.00054
A*24:02~C*03:03~B*35:01~DRB1*04:06~DQB1*03:02,0.5,0.00022
A*24:02~C*03:03~B*35:01~DRB1*09:01~DQB1*03:03,3,0.00133
A*24:02~C*03:03~B*35:01~DRB1*11:01~DQB1*03:01,0.5,0.00022
A*24:02~C*03:03~B*35:01~DRB1*12:01~DQB1*03:01,0.25,0.00011
A*24:02~C*03:03~B*35:01~DRB1*14:05~DQB1*05:03,0.25,0.00011
A*24:02~C*03:03~B*35:01~DRB1*15:01~DQB1*06:02,7.11,0.00316
A*24:02~C*03:03~B*38:02~DRB1*14:04~DQB1*05:03,1,0.00044
A*24:02~C*03:03~B*40:02~DRB1*04:01~DQB1*03:01,1,0.00044
A*24:02~C*03:03~B*40:02~DRB1*12:01~DQB1*03:01,1,0.00044
A*24:02~C*03:03~B*40:02~DRB1*14:05~DQB1*05:03,1.2,0.00053
A*24:02~C*03:03~B*40:02~DRB1*15:01~DQB1*06:02,0.25,0.00011
A*24:02~C*03:03~B*40:02~DRB1*15:02~DQB1*05:02,0.25,0.00011
A*24:02~C*03:03~B*55:02~DRB1*04:04~DQB1*03:02,1,0.00044
A*24:02~C*03:04~B*13:01~DRB1*01:01~DQB1*05:01,1,0.00044
A*24:02~C*03:04~B*13:01~DRB1*09:01~DQB1*03:03,2.03,0.0009
A*24:02~C*03:04~B*13:01~DRB1*12:02~DQB1*03:01,3,0.00133
A*24:02~C*03:04~B*13:01~DRB1*13:12~DQB1*03:01,1,0.00044
A*24:02~C*03:04~B*13:01~DRB1*15:01~DQB1*05:02,1,0.00044
A*24:02~C*03:04~B*13:01~DRB1*15:01~DQB1*06:01,1.95,0.00087
A*24:02~C*03:04~B*15:12~DRB1*14:04~DQB1*05:03,0.25,0.00011
A*24:02~C*03:04~B*15:12~DRB1*15:02~DQB1*05:02,0.25,0.00011
A*24:02~C*03:04~B*27:06~DRB1*12:02~DQB1*03:01,1,0.00044
A*24:02~C*03:04~B*27:06~DRB1*15:01~DQB1*06:02,0.25,0.00011
A*24:02~C*03:04~B*27:06~DRB1*15:02~DQB1*05:02,0.25,0.00011
A*24:02~C*03:04~B*35:01~DRB1*12:01~DQB1*03:03,1,0.00044
A*24:02~C*03:04~B*39:06~DRB1*14:04~DQB1*05:03,1,0.00044
A*24:02~C*03:04~B*40:01~DRB1*01:01~DQB1*05:01,0.5,0.00022
A*24:02~C*03:04~B*40:01~DRB1*04:03~DQB1*03:02,0.2,9e-05
A*24:02~C*03:04~B*40:01~DRB1*04:05~DQB1*04:01,4,0.00178
A*24:02~C*03:04~B*40:01~DRB1*07:01~DQB1*02:01,0.5,0.00022
A*24:02~C*03:04~B*40:01~DRB1*09:01~DQB1*03:03,3.1,0.00138
A*24:02~C*03:04~B*40:01~DRB1*11:01~DQB1*03:01,4.52,0.00201
A*24:02~C*03:04~B*40:01~DRB1*15:01~DQB1*05:02,3,0.00133
A*24:02~C*03:04~B*40:01~DRB1*15:01~DQB1*06:01,1,0.00044
A*24:02~C*03:04~B*40:01~DRB1*15:01~DQB1*06:02,3,0.00133
A*24:02~C*03:04~B*40:02~DRB1*08:03~DQB1*06:01,1,0.00044
A*24:02~C*03:04~B*40:02~DRB1*09:01~DQB1*03:03,3.21,0.00143
A*24:02~C*03:04~B*40:02~DRB1*12:01~DQB1*03:01,1,0.00044
A*24:02~C*03:04~B*40:02~DRB1*15:01~DQB1*05:02,1,0.00044
A*24:02~C*03:04~B*40:02~DRB1*15:01~DQB1*06:02,3,0.00133
A*24:02~C*03:04~B*40:03~DRB1*12:02~DQB1*03:01,1,0.00044
A*24:02~C*03:04~B*48:01~DRB1*09:01~DQB1*03:03,0.25,0.00011
A*24:02~C*03:04~B*48:01~DRB1*15:01~DQB1*06:02,0.25,0.00011
A*24:02~C*04:01~B*15:01~DRB1*04:06~DQB1*03:02,2,0.00089
A*24:02~C*04:01~B*15:01~DRB1*11:01~DQB1*03:01,1,0.00044
A*24:02~C*04:01~B*15:27~DRB1*04:06~DQB1*03:02,2.26,0.00101
A*24:02~C*04:01~B*35:01~DRB1*04:03~DQB1*03:02,1,0.00044
A*24:02~C*04:01~B*35:01~DRB1*04:04~DQB1*04:02,0.5,0.00022
A*24:02~C*04:01~B*35:01~DRB1*13:03~DQB1*03:01,0.5,0.00022
A*24:02~C*04:01~B*35:02~DRB1*11:04~DQB1*03:01,3,0.00133
A*24:02~C*04:01~B*35:03~DRB1*04:08~DQB1*03:01,0.5,0.00022
A*24:02~C*04:01~B*35:03~DRB1*11:01~DQB1*03:01,0.5,0.00022
A*24:02~C*04:01~B*35:03~DRB1*13:01~DQB1*06:03,0.5,0.00022
A*24:02~C*04:01~B*35:03~DRB1*13:02~DQB1*06:04,0.5,0.00022
A*24:02~C*04:01~B*35:05~DRB1*15:01~DQB1*05:02,1,0.00044
A*24:02~C*04:01~B*40:01~DRB1*04:03~DQB1*03:02,7,0.00311
A*24:02~C*04:01~B*44:03~DRB1*01:01~DQB1*05:01,0.5,0.00022
A*24:02~C*04:01~B*44:03~DRB1*07:01~DQB1*02:01,0.5,0.00022
A*24:02~C*04:03~B*13:01~DRB1*08:02~DQB1*03:01,1,0.00044
A*24:02~C*04:03~B*15:12~DRB1*15:02~DQB1*05:02,1,0.00044
A*24:02~C*04:03~B*15:25~DRB1*12:01~DQB1*03:01,1,0.00044
A*24:02~C*05:01~B*44:02~DRB1*07:01~DQB1*03:03,1,0.00044
A*24:02~C*06:02~B*50:01~DRB1*03:01~DQB1*02:01,1,0.00044
A*24:02~C*06:02~B*50:01~DRB1*14:05~DQB1*05:03,1,0.00044
A*24:02~C*06:02~B*57:01~DRB1*07:01~DQB1*03:03,1,0.00044
A*24:02~C*06:02~B*57:01~DRB1*10:01~DQB1*05:01,1,0.00044
A*24:02~C*07:01~B*08:01~DRB1*03:01~DQB1*02:01,0.25,0.00011
A*24:02~C*07:01~B*08:01~DRB1*04:06~DQB1*03:02,0.25,0.00011
A*24:02~C*07:01~B*18:01~DRB1*15:02~DQB1*06:01,1,0.00044
A*24:02~C*07:01~B*44:03~DRB1*07:01~DQB1*02:01,2,0.00089
A*24:02~C*07:01~B*44:03~DRB1*14:01~DQB1*05:03,1,0.00044
A*24:02~C*07:01~B*49:01~DRB1*11:01~DQB1*03:01,0.5,0.00022
A*24:02~C*07:01~B*49:01~DRB1*13:02~DQB1*06:04,0.5,0.00022
A*24:02~C*07:02~B*07:02~DRB1*01:01~DQB1*05:01,11.93,0.0053
A*24:02~C*07:02~B*07:02~DRB1*12:02~DQB1*03:01,1,0.00044
A*24:02~C*07:02~B*07:02~DRB1*13:01~DQB1*06:03,3,0.00133
A*24:02~C*07:02~B*07:02~DRB1*14:04~DQB1*05:03,1,0.00044
A*24:02~C*07:02~B*07:02~DRB1*15:01~DQB1*06:02,4,0.00178
A*24:02~C*07:02~B*07:05~DRB1*01:01~DQB1*05:01,1,0.00044
A*24:02~C*07:02~B*07:05~DRB1*09:01~DQB1*03:03,1,0.00044
A*24:02~C*07:02~B*07:05~DRB1*11:01~DQB1*03:01,1,0.00044
A*24:02~C*07:02~B*07:05~DRB1*15:01~DQB1*06:01,4,0.00178
A*24:02~C*07:02~B*08:01~DRB1*03:01~DQB1*02:01,1,0.00044
A*24:02~C*07:02~B*13:01~DRB1*15:02~DQB1*06:02,1,0.00044
A*24:02~C*07:02~B*15:35~DRB1*15:02~DQB1*05:01,1,0.00044
A*24:02~C*07:02~B*15:35~DRB1*15:02~DQB1*05:02,1,0.00044
A*24:02~C*07:02~B*15:35~DRB1*15:14~DQB1*05:02,1,0.00044
A*24:02~C*07:02~B*38:02~DRB1*08:03~DQB1*03:01,0.25,0.00011
A*24:02~C*07:02~B*38:02~DRB1*08:03~DQB1*06:01,1.2,0.00053
A*24:02~C*07:02~B*38:02~DRB1*09:01~DQB1*03:03,5.97,0.00265
A*24:02~C*07:02~B*38:02~DRB1*14:01~DQB1*05:03,0.05,2e-05
A*24:02~C*07:02~B*38:02~DRB1*14:07~DQB1*05:02,0.25,0.00011
A*24:02~C*07:02~B*38:02~DRB1*15:02~DQB1*05:02,4,0.00178
A*24:02~C*07:02~B*38:02~DRB1*16:02~DQB1*05:02,1,0.00044
A*24:02~C*07:02~B*39:01~DRB1*11:01~DQB1*03:01,1,0.00044
A*24:02~C*07:02~B*39:01~DRB1*15:01~DQB1*05:02,1,0.00044
A*24:02~C*07:02~B*39:01~DRB1*16:02~DQB1*05:02,1,0.00044
A*24:02~C*07:02~B*39:05~DRB1*14:01~DQB1*05:03,2,0.00089
A*24:02~C*07:02~B*40:01~DRB1*04:05~DQB1*04:01,1,0.00044
A*24:02~C*07:02~B*40:01~DRB1*08:01~DQB1*06:01,0.25,0.00011
A*24:02~C*07:02~B*40:01~DRB1*08:09~DQB1*04:02,2,0.00089
A*24:02~C*07:02~B*40:01~DRB1*09:01~DQB1*03:03,8.87,0.00394
A*24:02~C*07:02~B*40:01~DRB1*12:01~DQB1*03:03,1,0.00044
A*24:02~C*07:02~B*40:01~DRB1*12:01~DQB1*05:02,0.25,0.00011
A*24:02~C*07:02~B*40:01~DRB1*13:12~DQB1*03:01,1.88,0.00083
A*24:02~C*07:02~B*40:01~DRB1*14:04~DQB1*05:03,2,0.00089
A*24:02~C*07:02~B*40:01~DRB1*14:05~DQB1*05:03,0.31,0.00014
A*24:02~C*07:02~B*40:01~DRB1*15:01~DQB1*06:01,2,0.00089
A*24:02~C*07:02~B*40:02~DRB1*14:04~DQB1*05:03,1,0.00044
A*24:02~C*07:02~B*52:01~DRB1*03:01~DQB1*02:01,0.25,0.00011
A*24:02~C*07:02~B*52:01~DRB1*04:06~DQB1*03:02,0.25,0.00011
A*24:02~C*07:02~B*67:01~DRB1*16:02~DQB1*05:02,2,0.00089
A*24:02~C*07:04~B*15:18~DRB1*04:01~DQB1*03:01,1,0.00044
A*24:02~C*07:04~B*15:18~DRB1*04:01~DQB1*03:02,1,0.00044
A*24:02~C*07:04~B*15:18~DRB1*04:03~DQB1*03:02,1,0.00044
A*24:02~C*07:04~B*15:18~DRB1*11:06~DQB1*03:01,1,0.00044
A*24:02~C*07:04~B*44:02~DRB1*08:02~DQB1*03:02,0.5,0.00022
A*24:02~C*07:04~B*44:02~DRB1*13:01~DQB1*06:03,0.5,0.00022
A*24:02~C*08:01~B*13:01~DRB1*09:01~DQB1*03:03,1,0.00044
A*24:02~C*08:01~B*15:02~DRB1*12:02~DQB1*03:01,2.95,0.00131
A*24:02~C*08:01~B*15:02~DRB1*14:05~DQB1*05:03,1.03,0.00046
A*24:02~C*08:01~B*15:02~DRB1*15:01~DQB1*05:02,2,0.00089
A*24:02~C*08:01~B*15:02~DRB1*15:01~DQB1*06:01,2,0.00089
A*24:02~C*08:01~B*15:13~DRB1*15:02~DQB1*05:01,1,0.00044
A*24:02~C*08:01~B*15:18~DRB1*08:02~DQB1*03:02,0.5,0.00022
A*24:02~C*08:01~B*15:18~DRB1*11:01~DQB1*03:01,1,0.00044
A*24:02~C*08:01~B*15:18~DRB1*13:01~DQB1*06:03,0.5,0.00022
A*24:02~C*08:01~B*15:35~DRB1*15:01~DQB1*06:01,1,0.00044
A*24:02~C*08:01~B*35:01~DRB1*04:03~DQB1*03:02,1,0.00044
A*24:02~C*08:01~B*35:01~DRB1*12:01~DQB1*03:03,2,0.00089
A*24:02~C*08:01~B*40:06~DRB1*08:03~DQB1*06:01,2,0.00089
A*24:02~C*08:01~B*40:06~DRB1*09:01~DQB1*03:03,4,0.00178
A*24:02~C*08:01~B*48:01~DRB1*03:01~DQB1*02:01,1,0.00044
A*24:02~C*08:01~B*48:01~DRB1*04:05~DQB1*05:03,1,0.00044
A*24:02~C*08:01~B*48:01~DRB1*09:01~DQB1*03:03,1,0.00044
A*24:02~C*08:01~B*48:01~DRB1*11:01~DQB1*03:01,1,0.00044
A*24:02~C*08:01~B*48:01~DRB1*12:01~DQB1*03:03,2,0.00089
A*24:02~C*08:01~B*48:01~DRB1*12:02~DQB1*03:01,1,0.00044
A*24:02~C*08:01~B*48:01~DRB1*14:01~DQB1*05:02,2,0.00089
A*24:02~C*08:01~B*48:01~DRB1*14:01~DQB1*05:03,1,0.00044
A*24:02~C*08:01~B*48:01~DRB1*15:01~DQB1*06:01,1,0.00044
A*24:02~C*08:01~B*48:01~DRB1*15:01~DQB1*06:02,2,0.00089
A*24:02~C*08:01~B*48:01~DRB1*15:02~DQB1*05:02,2,0.00089
A*24:02~C*08:01~B*48:03~DRB1*12:02~DQB1*03:01,2,0.00089
A*24:02~C*08:01~B*48:03~DRB1*15:01~DQB1*06:01,1,0.00044
A*24:02~C*08:01~B*54:01~DRB1*07:01~DQB1*02:01,0.25,0.00011
A*24:02~C*08:01~B*54:01~DRB1*09:01~DQB1*03:03,0.25,0.00011
A*24:02~C*08:01~B*54:01~DRB1*15:01~DQB1*05:02,1,0.00044
A*24:02~C*08:03~B*48:01~DRB1*04:06~DQB1*03:02,0.5,0.00022
A*24:02~C*08:03~B*48:01~DRB1*09:01~DQB1*03:03,2,0.00089
A*24:02~C*08:03~B*48:01~DRB1*11:01~DQB1*03:01,0.5,0.00022
A*24:02~C*08:03~B*48:01~DRB1*15:01~DQB1*03:01,2,0.00089
A*24:02~C*12:02~B*40:06~DRB1*13:01~DQB1*06:03,1,0.00044
A*24:02~C*12:02~B*40:06~DRB1*15:01~DQB1*06:01,1,0.00044
A*24:02~C*12:02~B*48:01~DRB1*12:01~DQB1*03:01,1,0.00044
A*24:02~C*12:02~B*52:01~DRB1*04:03~DQB1*03:02,2,0.00089
A*24:02~C*12:02~B*52:01~DRB1*04:06~DQB1*03:02,2,0.00089
A*24:02~C*12:02~B*52:01~DRB1*10:01~DQB1*05:01,2,0.00089
A*24:02~C*12:02~B*52:01~DRB1*11:01~DQB1*03:01,1,0.00044
A*24:02~C*12:02~B*52:01~DRB1*15:02~DQB1*06:01,21.99,0.00977
A*24:02~C*12:02~B*53:01~DRB1*08:03~DQB1*06:01,0.25,0.00011
A*24:02~C*12:02~B*53:01~DRB1*09:01~DQB1*03:01,0.25,0.00011
A*24:02~C*12:03~B*18:01~DRB1*13:01~DQB1*06:03,1,0.00044
A*24:02~C*12:03~B*35:03~DRB1*07:01~DQB1*03:03,2,0.00089
A*24:02~C*12:03~B*35:03~DRB1*10:01~DQB1*05:01,1,0.00044
A*24:02~C*12:03~B*35:03~DRB1*11:01~DQB1*03:01,2,0.00089
A*24:02~C*12:03~B*35:03~DRB1*13:01~DQB1*06:03,2,0.00089
A*24:02~C*12:03~B*35:03~DRB1*14:04~DQB1*05:03,3,0.00133
A*24:02~C*12:03~B*35:03~DRB1*15:02~DQB1*06:01,1,0.00044
A*24:02~C*12:03~B*35:08~DRB1*04:04~DQB1*04:02,1,0.00044
A*24:02~C*12:03~B*38:01~DRB1*04:02~DQB1*03:02,1,0.00044
A*24:02~C*12:03~B*38:01~DRB1*07:01~DQB1*02:01,1,0.00044
A*24:02~C*12:03~B*38:01~DRB1*13:01~DQB1*06:03,2,0.00089
A*24:02~C*12:03~B*55:02~DRB1*13:12~DQB1*03:01,2,0.00089
A*24:02~C*14:02~B*40:06~DRB1*14:04~DQB1*05:03,1,0.00044
A*24:02~C*14:02~B*51:01~DRB1*01:01~DQB1*05:01,1.07,0.00048
A*24:02~C*14:02~B*51:01~DRB1*04:06~DQB1*03:02,1,0.00044
A*24:02~C*14:02~B*51:01~DRB1*07:01~DQB1*03:03,2,0.00089
A*24:02~C*14:02~B*51:01~DRB1*08:03~DQB1*06:01,5.42,0.00241
A*24:02~C*14:02~B*51:01~DRB1*09:01~DQB1*03:03,6.09,0.00271
A*24:02~C*14:02~B*51:01~DRB1*12:01~DQB1*03:02,1.62,0.00072
A*24:02~C*14:02~B*51:01~DRB1*12:01~DQB1*03:03,1,0.00044
A*24:02~C*14:02~B*51:01~DRB1*12:02~DQB1*03:01,1.01,0.00045
A*24:02~C*14:02~B*51:01~DRB1*14:01~DQB1*05:02,1,0.00044
A*24:02~C*14:02~B*51:01~DRB1*15:01~DQB1*03:01,1,0.00044
A*24:02~C*14:02~B*51:02~DRB1*08:01~DQB1*06:01,0.25,0.00011
A*24:02~C*14:02~B*51:02~DRB1*12:01~DQB1*05:02,0.25,0.00011
A*24:02~C*14:02~B*51:37~DRB1*08:02~DQB1*04:02,1,0.00044
A*24:02~C*15:02~B*15:05~DRB1*11:04~DQB1*03:01,1,0.00044
A*24:02~C*15:02~B*27:07~DRB1*07:01~DQB1*02:01,0.25,0.00011
A*24:02~C*15:02~B*27:07~DRB1*09:01~DQB1*03:03,0.25,0.00011
A*24:02~C*15:02~B*40:01~DRB1*08:03~DQB1*06:01,2,0.00089
A*24:02~C*15:02~B*40:02~DRB1*04:05~DQB1*05:03,3,0.00133
A*24:02~C*15:02~B*40:02~DRB1*14:05~DQB1*05:03,1,0.00044
A*24:02~C*15:02~B*40:02~DRB1*15:02~DQB1*05:02,2,0.00089
A*24:02~C*15:02~B*40:06~DRB1*04:05~DQB1*04:01,1,0.00044
A*24:02~C*15:02~B*40:06~DRB1*08:03~DQB1*03:01,2,0.00089
A*24:02~C*15:02~B*40:06~DRB1*09:01~DQB1*03:03,0.25,0.00011
A*24:02~C*15:02~B*40:06~DRB1*11:01~DQB1*03:01,1,0.00044
A*24:02~C*15:02~B*40:06~DRB1*14:04~DQB1*05:03,2.66,0.00118
A*24:02~C*15:02~B*40:06~DRB1*15:01~DQB1*06:01,3.34,0.00149
A*24:02~C*15:02~B*40:06~DRB1*15:01~DQB1*06:02,0.25,0.00011
A*24:02~C*15:02~B*40:06~DRB1*15:02~DQB1*06:01,1,0.00044
A*24:02~C*15:02~B*51:01~DRB1*01:01~DQB1*05:01,1,0.00044
A*24:02~C*15:02~B*51:01~DRB1*04:08~DQB1*03:01,0.5,0.00022
A*24:02~C*15:02~B*51:01~DRB1*13:01~DQB1*06:03,0.5,0.00022
A*24:02~C*15:02~B*51:02~DRB1*14:01~DQB1*05:02,1,0.00044
A*24:02~C*16:02~B*15:18~DRB1*04:03~DQB1*03:02,1,0.00044
A*24:02~C*16:02~B*51:01~DRB1*01:01~DQB1*05:01,1,0.00044
A*24:02~C*16:02~B*51:01~DRB1*14:04~DQB1*05:03,0.25,0.00011
A*24:02~C*16:02~B*51:01~DRB1*15:02~DQB1*05:02,0.25,0.00011
A*24:02~C*16:02~B*51:08~DRB1*08:03~DQB1*06:01,0.25,0.00011
A*24:02~C*16:02~B*51:08~DRB1*09:01~DQB1*03:01,0.25,0.00011
A*24:03~C*04:01~B*35:01~DRB1*11:01~DQB1*03:01,1,0.00044
A*24:03~C*04:01~B*35:01~DRB1*12:01~DQB1*03:01,1,0.00044
A*24:03~C*06:02~B*35:03~DRB1*03:01~DQB1*02:01,1,0.00044
A*24:03~C*12:03~B*18:01~DRB1*11:04~DQB1*03:01,2,0.00089
A*24:03~C*12:04~B*51:06~DRB1*07:01~DQB1*03:03,4,0.00178
A*24:03~C*12:04~B*51:06~DRB1*12:02~DQB1*05:02,2,0.00089
A*24:07~C*01:02~B*15:35~DRB1*14:04~DQB1*05:03,0.25,0.00011
A*24:07~C*01:02~B*15:35~DRB1*15:02~DQB1*05:02,0.25,0.00011
A*24:07~C*03:03~B*15:01~DRB1*04:03~DQB1*03:02,2,0.00089
A*24:07~C*03:04~B*27:06~DRB1*04:05~DQB1*04:01,0.25,0.00011
A*24:07~C*03:04~B*27:06~DRB1*15:02~DQB1*05:01,0.25,0.00011
A*24:07~C*03:04~B*40:01~DRB1*04:01~DQB1*03:02,0.25,0.00011
A*24:07~C*03:04~B*40:01~DRB1*07:01~DQB1*03:03,0.25,0.00011
A*24:07~C*04:01~B*35:05~DRB1*08:01~DQB1*06:01,0.25,0.00011
A*24:07~C*04:01~B*35:05~DRB1*09:01~DQB1*03:03,1,0.00044
A*24:07~C*04:01~B*35:05~DRB1*12:01~DQB1*03:01,0.25,0.00011
A*24:07~C*04:01~B*35:05~DRB1*12:02~DQB1*03:01,11,0.00489
A*24:07~C*04:01~B*35:05~DRB1*14:04~DQB1*05:03,0.25,0.00011
A*24:07~C*04:01~B*35:05~DRB1*15:02~DQB1*05:01,1,0.00044
A*24:07~C*04:01~B*35:05~DRB1*15:02~DQB1*05:02,0.25,0.00011
A*24:07~C*04:03~B*15:21~DRB1*08:01~DQB1*06:01,0.25,0.00011
A*24:07~C*04:03~B*15:21~DRB1*12:01~DQB1*03:01,0.25,0.00011
A*24:07~C*04:03~B*15:21~DRB1*15:02~DQB1*05:02,1,0.00044
A*24:07~C*04:03~B*15:25~DRB1*12:02~DQB1*03:01,1,0.00044
A*24:07~C*06:02~B*57:01~DRB1*04:01~DQB1*03:02,0.25,0.00011
A*24:07~C*06:02~B*57:01~DRB1*07:01~DQB1*03:03,0.25,0.00011
A*24:07~C*07:01~B*08:01~DRB1*03:01~DQB1*02:01,0.25,0.00011
A*24:07~C*07:01~B*08:01~DRB1*04:06~DQB1*03:02,0.25,0.00011
A*24:07~C*07:02~B*07:02~DRB1*04:05~DQB1*04:01,0.25,0.00011
A*24:07~C*07:02~B*07:02~DRB1*07:01~DQB1*02:01,1,0.00044
A*24:07~C*07:02~B*07:02~DRB1*09:01~DQB1*03:03,1,0.00044
A*24:07~C*07:02~B*07:02~DRB1*15:02~DQB1*05:01,0.25,0.00011
A*24:07~C*07:02~B*07:05~DRB1*15:02~DQB1*05:02,2,0.00089
A*24:07~C*07:02~B*38:02~DRB1*15:02~DQB1*05:02,2,0.00089
A*24:07~C*07:02~B*52:01~DRB1*03:01~DQB1*02:01,0.25,0.00011
A*24:07~C*07:02~B*52:01~DRB1*04:06~DQB1*03:02,0.25,0.00011
A*24:07~C*08:01~B*15:02~DRB1*10:01~DQB1*05:01,0.25,0.00011
A*24:07~C*08:01~B*15:02~DRB1*14:04~DQB1*05:03,0.25,0.00011
A*24:07~C*08:01~B*48:01~DRB1*11:01~DQB1*03:01,3,0.00133
A*24:07~C*12:02~B*52:01~DRB1*04:03~DQB1*03:02,3,0.00133
A*24:07~C*12:02~B*52:01~DRB1*14:01~DQB1*05:03,1,0.00044
A*24:07~C*14:02~B*40:02~DRB1*15:02~DQB1*06:01,1,0.00044
A*24:07~C*14:02~B*51:02~DRB1*12:02~DQB1*03:01,1,0.00044
A*24:07~C*15:02~B*35:01~DRB1*01:01~DQB1*05:01,1,0.00044
A*24:07~C*17:01~B*41:01~DRB1*10:01~DQB1*05:01,0.25,0.00011
A*24:07~C*17:01~B*41:01~DRB1*14:04~DQB1*05:03,0.25,0.00011
A*24:10~C*03:04~B*13:01~DRB1*15:01~DQB1*06:10,1,0.00044
A*24:10~C*03:04~B*40:01~DRB1*11:01~DQB1*06:01,1,0.00044
A*24:10~C*07:04~B*18:02~DRB1*12:02~DQB1*03:01,2,0.00089
A*24:10~C*08:01~B*15:02~DRB1*15:01~DQB1*05:02,1,0.00044
A*24:17~C*08:01~B*15:02~DRB1*03:01~DQB1*02:01,1,0.00044
A*24:17~C*08:01~B*15:02~DRB1*12:02~DQB1*03:01,6,0.00267
A*24:17~C*08:01~B*15:02~DRB1*15:02~DQB1*06:01,1,0.00044
A*24:20~C*14:02~B*51:01~DRB1*11:01~DQB1*03:01,1,0.00044
A*25:01~C*07:01~B*08:01~DRB1*08:01~DQB1*04:02,1,0.00044
A*25:01~C*07:02~B*38:02~DRB1*15:02~DQB1*05:01,1,0.00044
A*26:01~C*01:02~B*15:18~DRB1*08:02~DQB1*04:02,0.25,0.00011
A*26:01~C*01:02~B*15:18~DRB1*14:07~DQB1*05:03,0.25,0.00011
A*26:01~C*01:02~B*55:01~DRB1*11:11~DQB1*03:01,1,0.00044
A*26:01~C*01:02~B*55:02~DRB1*08:03~DQB1*03:01,0.25,0.00011
A*26:01~C*01:02~B*55:02~DRB1*14:07~DQB1*05:02,0.25,0.00011
A*26:01~C*01:02~B*56:01~DRB1*08:01~DQB1*04:02,1,0.00044
A*26:01~C*02:02~B*27:05~DRB1*03:01~DQB1*02:01,0.5,0.00022
A*26:01~C*02:02~B*27:05~DRB1*04:04~DQB1*03:02,0.5,0.00022
A*26:01~C*03:03~B*15:01~DRB1*15:01~DQB1*06:02,2,0.00089
A*26:01~C*03:03~B*15:11~DRB1*09:01~DQB1*03:03,1,0.00044
A*26:01~C*03:03~B*15:12~DRB1*12:02~DQB1*03:01,1,0.00044
A*26:01~C*03:03~B*35:01~DRB1*08:02~DQB1*03:02,1,0.00044
A*26:01~C*03:03~B*35:01~DRB1*08:02~DQB1*04:02,0.25,0.00011
A*26:01~C*03:03~B*35:01~DRB1*14:03~DQB1*03:01,1,0.00044
A*26:01~C*03:03~B*35:01~DRB1*14:07~DQB1*05:03,0.25,0.00011
A*26:01~C*03:03~B*39:01~DRB1*12:02~DQB1*03:01,0.25,0.00011
A*26:01~C*03:03~B*39:01~DRB1*15:01~DQB1*06:02,0.25,0.00011
A*26:01~C*03:04~B*13:01~DRB1*03:01~DQB1*02:01,0.25,0.00011
A*26:01~C*03:04~B*13:01~DRB1*12:02~DQB1*03:01,1.18,0.00052
A*26:01~C*03:04~B*13:01~DRB1*14:25~DQB1*03:01,0.25,0.00011
A*26:01~C*03:04~B*13:01~DRB1*16:02~DQB1*05:02,1,0.00044
A*26:01~C*03:04~B*27:06~DRB1*04:05~DQB1*04:01,0.25,0.00011
A*26:01~C*03:04~B*27:06~DRB1*15:02~DQB1*05:01,0.25,0.00011
A*26:01~C*03:04~B*35:01~DRB1*12:01~DQB1*03:03,0.25,0.00011
A*26:01~C*03:04~B*35:01~DRB1*15:01~DQB1*06:02,0.25,0.00011
A*26:01~C*03:04~B*40:01~DRB1*09:01~DQB1*03:03,1,0.00044
A*26:01~C*03:04~B*40:01~DRB1*11:01~DQB1*03:01,2,0.00089
A*26:01~C*03:04~B*40:01~DRB1*12:02~DQB1*03:01,1.82,0.00081
A*26:01~C*03:04~B*40:02~DRB1*08:02~DQB1*03:02,1,0.00044
A*26:01~C*03:04~B*40:02~DRB1*15:01~DQB1*06:02,4,0.00178
A*26:01~C*03:04~B*40:06~DRB1*03:01~DQB1*02:01,0.25,0.00011
A*26:01~C*03:04~B*40:06~DRB1*09:01~DQB1*03:03,2,0.00089
A*26:01~C*03:04~B*40:06~DRB1*14:25~DQB1*03:01,0.25,0.00011
A*26:01~C*03:04~B*40:23~DRB1*01:01~DQB1*05:01,0.25,0.00011
A*26:01~C*03:04~B*40:23~DRB1*14:04~DQB1*05:03,0.25,0.00011
A*26:01~C*03:04~B*51:01~DRB1*12:01~DQB1*03:03,0.25,0.00011
A*26:01~C*03:04~B*51:01~DRB1*15:01~DQB1*06:02,0.25,0.00011
A*26:01~C*03:04~B*52:01~DRB1*03:01~DQB1*02:01,0.5,0.00022
A*26:01~C*03:04~B*52:01~DRB1*04:04~DQB1*03:02,0.5,0.00022
A*26:01~C*03:04~B*54:01~DRB1*15:01~DQB1*06:02,1,0.00044
A*26:01~C*04:01~B*35:01~DRB1*01:01~DQB1*05:01,1,0.00044
A*26:01~C*04:01~B*35:01~DRB1*14:05~DQB1*05:03,2,0.00089
A*26:01~C*04:01~B*35:03~DRB1*08:01~DQB1*04:02,1,0.00044
A*26:01~C*04:01~B*35:03~DRB1*11:08~DQB1*03:01,1,0.00044
A*26:01~C*04:01~B*35:08~DRB1*03:01~DQB1*02:01,1,0.00044
A*26:01~C*04:01~B*53:01~DRB1*11:01~DQB1*03:01,0.25,0.00011
A*26:01~C*04:01~B*53:01~DRB1*14:06~DQB1*03:01,0.25,0.00011
A*26:01~C*04:01~B*56:01~DRB1*14:04~DQB1*05:03,0.25,0.00011
A*26:01~C*04:01~B*56:01~DRB1*15:02~DQB1*06:01,0.25,0.00011
A*26:01~C*04:03~B*15:21~DRB1*04:03~DQB1*03:02,1,0.00044
A*26:01~C*04:10~B*56:01~DRB1*15:02~DQB1*05:03,1,0.00044
A*26:01~C*05:01~B*51:08~DRB1*15:01~DQB1*06:02,1,0.00044
A*26:01~C*06:02~B*57:01~DRB1*15:06~DQB1*05:02,0.25,0.00011
A*26:01~C*06:02~B*57:01~DRB1*16:02~DQB1*05:02,0.25,0.00011
A*26:01~C*07:01~B*18:01~DRB1*04:03~DQB1*03:02,1,0.00044
A*26:01~C*07:01~B*44:03~DRB1*07:01~DQB1*02:01,1.01,0.00045
A*26:01~C*07:02~B*07:02~DRB1*04:02~DQB1*03:02,1,0.00044
A*26:01~C*07:02~B*07:02~DRB1*04:05~DQB1*04:01,0.25,0.00011
A*26:01~C*07:02~B*07:02~DRB1*14:04~DQB1*05:03,1,0.00044
A*26:01~C*07:02~B*07:02~DRB1*15:02~DQB1*05:01,0.25,0.00011
A*26:01~C*07:02~B*07:02~DRB1*15:06~DQB1*05:02,0.25,0.00011
A*26:01~C*07:02~B*07:02~DRB1*16:02~DQB1*05:02,0.25,0.00011
A*26:01~C*07:02~B*08:01~DRB1*03:01~DQB1*02:01,9.99,0.00444
A*26:01~C*07:02~B*08:01~DRB1*15:01~DQB1*05:02,1,0.00044
A*26:01~C*07:02~B*15:01~DRB1*04:01~DQB1*03:01,1,0.00044
A*26:01~C*07:02~B*38:02~DRB1*08:03~DQB1*03:01,0.25,0.00011
A*26:01~C*07:02~B*38:02~DRB1*14:07~DQB1*05:02,0.25,0.00011
A*26:01~C*07:02~B*38:02~DRB1*15:02~DQB1*05:01,3,0.00133
A*26:01~C*07:02~B*40:01~DRB1*04:03~DQB1*03:02,1,0.00044
A*26:01~C*07:02~B*40:01~DRB1*09:01~DQB1*03:03,1,0.00044
A*26:01~C*07:02~B*40:01~DRB1*16:02~DQB1*05:02,2,0.00089
A*26:01~C*07:02~B*52:01~DRB1*04:05~DQB1*03:02,2,0.00089
A*26:01~C*07:02~B*67:01~DRB1*16:02~DQB1*05:02,1,0.00044
A*26:01~C*07:04~B*15:18~DRB1*01:01~DQB1*05:01,0.25,0.00011
A*26:01~C*07:04~B*15:18~DRB1*09:01~DQB1*03:03,1,0.00044
A*26:01~C*07:04~B*15:18~DRB1*14:04~DQB1*05:03,0.25,0.00011
A*26:01~C*08:01~B*15:01~DRB1*15:01~DQB1*06:02,1,0.00044
A*26:01~C*08:01~B*15:02~DRB1*15:01~DQB1*06:01,1,0.00044
A*26:01~C*08:01~B*40:06~DRB1*04:05~DQB1*04:01,3,0.00133
A*26:01~C*08:01~B*48:01~DRB1*04:05~DQB1*04:02,1,0.00044
A*26:01~C*12:02~B*27:04~DRB1*11:01~DQB1*03:01,1,0.00044
A*26:01~C*12:02~B*40:06~DRB1*11:01~DQB1*03:01,0.25,0.00011
A*26:01~C*12:02~B*40:06~DRB1*14:06~DQB1*03:01,0.25,0.00011
A*26:01~C*12:02~B*56:01~DRB1*12:02~DQB1*03:01,0.25,0.00011
A*26:01~C*12:02~B*56:01~DRB1*15:01~DQB1*06:02,0.25,0.00011
A*26:01~C*12:03~B*35:03~DRB1*03:01~DQB1*02:01,1,0.00044
A*26:01~C*12:03~B*38:01~DRB1*08:03~DQB1*03:01,1,0.00044
A*26:01~C*12:03~B*38:01~DRB1*10:01~DQB1*05:01,1,0.00044
A*26:01~C*14:02~B*40:06~DRB1*14:04~DQB1*05:03,1,0.00044
A*26:01~C*14:02~B*51:02~DRB1*13:01~DQB1*06:03,1,0.00044
A*26:01~C*15:02~B*18:01~DRB1*14:04~DQB1*05:03,0.25,0.00011
A*26:01~C*15:02~B*18:01~DRB1*15:02~DQB1*06:01,0.25,0.00011
A*26:01~C*16:02~B*51:01~DRB1*10:01~DQB1*05:01,1,0.00044
A*26:02~C*01:02~B*54:01~DRB1*04:05~DQB1*04:01,1,0.00044
A*26:02~C*03:03~B*15:01~DRB1*09:01~DQB1*03:03,1,0.00044
A*26:02~C*03:03~B*15:01~DRB1*14:06~DQB1*03:01,2,0.00089
A*26:02~C*03:03~B*40:06~DRB1*09:01~DQB1*03:03,1,0.00044
A*26:02~C*03:04~B*13:01~DRB1*08:02~DQB1*04:02,0.25,0.00011
A*26:02~C*03:04~B*13:01~DRB1*09:01~DQB1*03:03,0.25,0.00011
A*26:02~C*03:04~B*40:02~DRB1*09:01~DQB1*03:03,2,0.00089
A*26:02~C*04:01~B*48:01~DRB1*08:02~DQB1*04:02,0.25,0.00011
A*26:02~C*04:01~B*48:01~DRB1*09:01~DQB1*03:03,0.25,0.00011
A*26:02~C*07:02~B*07:02~DRB1*01:01~DQB1*05:01,1,0.00044
A*26:02~C*08:01~B*35:01~DRB1*04:03~DQB1*03:02,1,0.00044
A*26:02~C*08:01~B*40:06~DRB1*15:01~DQB1*06:02,1,0.00044
A*26:02~C*15:02~B*51:02~DRB1*14:01~DQB1*05:02,1,0.00044
A*26:03~C*03:03~B*15:01~DRB1*15:01~DQB1*06:02,2,0.00089
A*26:03~C*03:03~B*15:07~DRB1*12:01~DQB1*03:01,0.25,0.00011
A*26:03~C*03:03~B*15:07~DRB1*14:05~DQB1*05:03,0.25,0.00011
A*26:03~C*03:03~B*35:01~DRB1*12:01~DQB1*03:01,0.25,0.00011
A*26:03~C*03:03~B*35:01~DRB1*14:05~DQB1*05:03,0.25,0.00011
A*26:03~C*08:01~B*48:01~DRB1*12:01~DQB1*03:01,0.25,0.00011
A*26:03~C*08:01~B*48:01~DRB1*15:01~DQB1*06:02,0.25,0.00011
A*26:03~C*15:02~B*15:01~DRB1*12:01~DQB1*03:01,0.25,0.00011
A*26:03~C*15:02~B*15:01~DRB1*15:01~DQB1*06:02,0.25,0.00011
A*29:01~C*03:03~B*15:12~DRB1*16:02~DQB1*05:02,1,0.00044
A*29:01~C*04:03~B*15:25~DRB1*12:02~DQB1*03:01,1,0.00044
A*29:01~C*07:02~B*38:02~DRB1*11:06~DQB1*03:01,1,0.00044
A*29:01~C*07:04~B*15:29~DRB1*15:01~DQB1*06:02,1,0.00044
A*29:01~C*15:02~B*27:07~DRB1*11:01~DQB1*03:01,1,0.00044
A*29:01~C*15:05~B*07:05~DRB1*03:01~DQB1*02:01,1,0.00044
A*29:01~C*15:05~B*07:05~DRB1*08:03~DQB1*03:01,6,0.00267
A*29:01~C*15:05~B*07:05~DRB1*09:01~DQB1*03:03,1,0.00044
A*29:01~C*15:05~B*07:05~DRB1*10:01~DQB1*05:01,15,0.00667
A*29:01~C*15:05~B*07:05~DRB1*15:02~DQB1*05:01,1.86,0.00082
A*29:01~C*15:05~B*07:05~DRB1*15:02~DQB1*05:02,1.14,0.00051
A*29:01~C*15:05~B*07:05~DRB1*16:02~DQB1*06:01,1,0.00044
A*29:01~C*15:05~B*81:01~DRB1*10:01~DQB1*05:01,1,0.00044
A*29:02~C*04:01~B*44:03~DRB1*07:01~DQB1*03:01,1,0.00044
A*29:02~C*06:02~B*45:01~DRB1*15:01~DQB1*06:02,1,0.00044
A*30:01~C*01:02~B*46:01~DRB1*07:01~DQB1*02:01,1,0.00044
A*30:01~C*03:03~B*35:01~DRB1*13:01~DQB1*06:03,1,0.00044
A*30:01~C*03:04~B*15:10~DRB1*13:02~DQB1*06:04,1,0.00044
A*30:01~C*04:01~B*35:08~DRB1*14:01~DQB1*05:03,1,0.00044
A*30:01~C*06:02~B*13:02~DRB1*04:02~DQB1*03:02,0.25,0.00011
A*30:01~C*06:02~B*13:02~DRB1*04:03~DQB1*03:02,1,0.00044
A*30:01~C*06:02~B*13:02~DRB1*04:10~DQB1*04:02,1,0.00044
A*30:01~C*06:02~B*13:02~DRB1*07:01~DQB1*02:01,22,0.00978
A*30:01~C*06:02~B*13:02~DRB1*07:01~DQB1*03:03,0.25,0.00011
A*30:01~C*06:02~B*13:02~DRB1*08:03~DQB1*03:01,1,0.00044
A*30:01~C*06:02~B*13:02~DRB1*14:04~DQB1*05:03,1,0.00044
A*30:01~C*06:02~B*13:02~DRB1*15:01~DQB1*06:02,2,0.00089
A*30:01~C*06:02~B*47:01~DRB1*13:01~DQB1*06:03,1,0.00044
A*30:01~C*06:02~B*57:01~DRB1*04:02~DQB1*03:02,0.25,0.00011
A*30:01~C*06:02~B*57:01~DRB1*07:01~DQB1*03:03,0.25,0.00011
A*30:01~C*08:01~B*40:06~DRB1*09:01~DQB1*03:03,1,0.00044
A*30:01~C*15:02~B*51:01~DRB1*01:01~DQB1*05:01,1,0.00044
A*30:02~C*04:01~B*35:03~DRB1*13:01~DQB1*06:03,0.25,0.00011
A*30:02~C*04:01~B*35:03~DRB1*13:02~DQB1*06:09,0.25,0.00011
A*30:02~C*04:01~B*53:01~DRB1*11:01~DQB1*03:01,0.25,0.00011
A*30:02~C*04:01~B*53:01~DRB1*13:01~DQB1*06:03,0.25,0.00011
A*30:02~C*04:01~B*53:01~DRB1*13:02~DQB1*06:09,0.25,0.00011
A*30:02~C*04:01~B*53:01~DRB1*14:06~DQB1*03:01,0.25,0.00011
A*30:02~C*12:02~B*40:06~DRB1*11:01~DQB1*03:01,0.25,0.00011
A*30:02~C*12:02~B*40:06~DRB1*14:06~DQB1*03:01,0.25,0.00011
A*30:04~C*08:02~B*14:01~DRB1*04:04~DQB1*04:02,2,0.00089
A*30:04~C*08:02~B*14:01~DRB1*08:02~DQB1*03:02,1,0.00044
A*31:01~C*01:02~B*15:08~DRB1*08:01~DQB1*04:02,1,0.00044
A*31:01~C*01:02~B*46:01~DRB1*08:03~DQB1*06:01,2,0.00089
A*31:01~C*01:02~B*46:01~DRB1*12:02~DQB1*03:01,1,0.00044
A*31:01~C*01:02~B*55:02~DRB1*04:05~DQB1*03:02,1,0.00044
A*31:01~C*01:02~B*55:02~DRB1*09:01~DQB1*03:03,1,0.00044
A*31:01~C*03:02~B*58:01~DRB1*03:01~DQB1*02:01,1,0.00044
A*31:01~C*03:02~B*58:01~DRB1*04:04~DQB1*03:02,0.25,0.00011
A*31:01~C*03:02~B*58:01~DRB1*13:02~DQB1*06:05,0.25,0.00011
A*31:01~C*03:03~B*15:01~DRB1*04:06~DQB1*03:02,2,0.00089
A*31:01~C*03:03~B*15:01~DRB1*15:01~DQB1*06:02,2,0.00089
A*31:01~C*03:03~B*15:07~DRB1*04:04~DQB1*04:02,1,0.00044
A*31:01~C*03:03~B*35:01~DRB1*04:03~DQB1*03:02,1,0.00044
A*31:01~C*03:03~B*35:01~DRB1*15:01~DQB1*06:02,1,0.00044
A*31:01~C*03:04~B*13:01~DRB1*12:02~DQB1*03:01,1,0.00044
A*31:01~C*03:04~B*13:01~DRB1*14:05~DQB1*05:03,1,0.00044
A*31:01~C*03:04~B*40:01~DRB1*04:04~DQB1*03:02,0.25,0.00011
A*31:01~C*03:04~B*40:01~DRB1*09:01~DQB1*03:03,1,0.00044
A*31:01~C*03:04~B*40:01~DRB1*13:02~DQB1*06:05,0.25,0.00011
A*31:01~C*03:04~B*40:02~DRB1*11:01~DQB1*03:01,2,0.00089
A*31:01~C*03:04~B*40:02~DRB1*15:01~DQB1*06:02,2,0.00089
A*31:01~C*03:04~B*40:23~DRB1*01:01~DQB1*05:01,0.25,0.00011
A*31:01~C*03:04~B*40:23~DRB1*14:04~DQB1*05:03,0.25,0.00011
A*31:01~C*04:01~B*07:05~DRB1*11:06~DQB1*03:01,1,0.00044
A*31:01~C*04:01~B*35:01~DRB1*01:01~DQB1*05:01,1,0.00044
A*31:01~C*04:01~B*35:01~DRB1*04:05~DQB1*04:01,1,0.00044
A*31:01~C*04:01~B*35:01~DRB1*04:10~DQB1*04:02,0.25,0.00011
A*31:01~C*04:01~B*35:01~DRB1*13:01~DQB1*06:03,1,0.00044
A*31:01~C*04:01~B*35:01~DRB1*14:03~DQB1*03:01,0.25,0.00011
A*31:01~C*04:01~B*35:02~DRB1*04:03~DQB1*03:05,1,0.00044
A*31:01~C*04:01~B*35:03~DRB1*01:01~DQB1*05:01,0.5,0.00022
A*31:01~C*04:01~B*35:03~DRB1*11:04~DQB1*03:01,0.25,0.00011
A*31:01~C*04:01~B*35:03~DRB1*13:01~DQB1*05:03,1,0.00044
A*31:01~C*04:01~B*35:03~DRB1*13:01~DQB1*06:03,0.5,0.00022
A*31:01~C*04:01~B*35:03~DRB1*15:02~DQB1*05:03,0.25,0.00011
A*31:01~C*04:01~B*40:02~DRB1*15:02~DQB1*05:01,1,0.00044
A*31:01~C*04:01~B*48:01~DRB1*09:01~DQB1*03:03,1,0.00044
A*31:01~C*04:03~B*13:01~DRB1*15:01~DQB1*06:01,1,0.00044
A*31:01~C*06:02~B*37:01~DRB1*13:02~DQB1*06:09,1,0.00044
A*31:01~C*07:02~B*07:02~DRB1*11:01~DQB1*03:01,1,0.00044
A*31:01~C*07:02~B*07:02~DRB1*14:01~DQB1*05:02,1,0.00044
A*31:01~C*07:02~B*07:02~DRB1*15:01~DQB1*06:02,1,0.00044
A*31:01~C*07:02~B*08:01~DRB1*03:01~DQB1*02:01,1,0.00044
A*31:01~C*07:02~B*39:01~DRB1*04:10~DQB1*04:02,0.25,0.00011
A*31:01~C*07:02~B*39:01~DRB1*14:03~DQB1*03:01,0.25,0.00011
A*31:01~C*07:02~B*67:01~DRB1*04:10~DQB1*04:02,1,0.00044
A*31:01~C*07:04~B*15:18~DRB1*01:01~DQB1*05:01,0.25,0.00011
A*31:01~C*07:04~B*15:18~DRB1*04:01~DQB1*03:01,1,0.00044
A*31:01~C*07:04~B*15:18~DRB1*14:04~DQB1*05:03,0.25,0.00011
A*31:01~C*08:01~B*15:18~DRB1*11:01~DQB1*03:01,1,0.00044
A*31:01~C*08:01~B*40:06~DRB1*14:05~DQB1*05:03,1,0.00044
A*31:01~C*08:01~B*40:06~DRB1*15:01~DQB1*06:02,1,0.00044
A*31:01~C*08:01~B*48:01~DRB1*12:01~DQB1*03:01,0.25,0.00011
A*31:01~C*08:01~B*48:01~DRB1*15:01~DQB1*06:02,0.25,0.00011
A*31:01~C*08:01~B*48:01~DRB1*16:02~DQB1*05:02,1,0.00044
A*31:01~C*12:02~B*52:01~DRB1*03:01~DQB1*02:01,1,0.00044
A*31:01~C*12:02~B*52:01~DRB1*04:05~DQB1*04:01,1,0.00044
A*31:01~C*12:02~B*52:01~DRB1*15:02~DQB1*06:01,1,0.00044
A*31:01~C*14:02~B*40:06~DRB1*11:06~DQB1*03:01,1,0.00044
A*31:01~C*14:02~B*51:01~DRB1*04:03~DQB1*03:02,2,0.00089
A*31:01~C*14:02~B*51:01~DRB1*04:05~DQB1*04:01,2,0.00089
A*31:01~C*14:02~B*51:01~DRB1*08:02~DQB1*04:02,3.03,0.00135
A*31:01~C*14:02~B*51:01~DRB1*09:01~DQB1*03:03,2.97,0.00132
A*31:01~C*14:02~B*51:01~DRB1*14:03~DQB1*03:01,1,0.00044
A*31:01~C*14:02~B*51:01~DRB1*15:01~DQB1*06:01,0.25,0.00011
A*31:01~C*14:02~B*51:01~DRB1*15:02~DQB1*06:01,0.25,0.00011
A*31:01~C*14:02~B*51:01~DRB1*16:02~DQB1*05:02,2,0.00089
A*31:01~C*14:03~B*44:03~DRB1*13:02~DQB1*06:04,1,0.00044
A*31:01~C*15:02~B*15:01~DRB1*12:01~DQB1*03:01,0.25,0.00011
A*31:01~C*15:02~B*15:01~DRB1*15:01~DQB1*06:02,0.25,0.00011
A*31:01~C*15:02~B*40:02~DRB1*09:01~DQB1*03:03,1,0.00044
A*31:01~C*15:02~B*40:06~DRB1*11:04~DQB1*03:01,0.25,0.00011
A*31:01~C*15:02~B*40:06~DRB1*15:01~DQB1*06:01,2,0.00089
A*31:01~C*15:02~B*40:06~DRB1*15:02~DQB1*05:03,0.25,0.00011
A*31:01~C*15:02~B*51:01~DRB1*15:02~DQB1*06:01,1,0.00044
A*31:01~C*15:02~B*51:02~DRB1*12:02~DQB1*03:01,1,0.00044
A*31:01~C*16:02~B*51:01~DRB1*01:01~DQB1*05:01,2,0.00089
A*31:01~C*16:02~B*51:01~DRB1*07:01~DQB1*02:01,1,0.00044
A*31:01~C*16:02~B*51:06~DRB1*15:01~DQB1*06:01,0.25,0.00011
A*31:01~C*16:02~B*51:06~DRB1*15:02~DQB1*06:01,0.25,0.00011
A*31:12~C*15:02~B*51:01~DRB1*11:01~DQB1*03:01,1,0.00044
A*32:01~C*02:02~B*27:05~DRB1*04:01~DQB1*03:01,1,0.00044
A*32:01~C*03:04~B*13:01~DRB1*15:01~DQB1*06:10,1,0.00044
A*32:01~C*03:04~B*40:01~DRB1*04:05~DQB1*04:02,1,0.00044
A*32:01~C*03:04~B*40:01~DRB1*07:01~DQB1*02:01,1,0.00044
A*32:01~C*04:01~B*35:01~DRB1*11:01~DQB1*03:01,3,0.00133
A*32:01~C*04:01~B*35:01~DRB1*13:02~DQB1*06:04,1,0.00044
A*32:01~C*04:01~B*35:03~DRB1*11:01~DQB1*03:01,1,0.00044
A*32:01~C*04:01~B*35:08~DRB1*04:03~DQB1*03:02,1,0.00044
A*32:01~C*05:01~B*44:02~DRB1*15:02~DQB1*06:01,2,0.00089
A*32:01~C*06:02~B*13:02~DRB1*04:02~DQB1*03:02,0.25,0.00011
A*32:01~C*06:02~B*13:02~DRB1*07:01~DQB1*03:03,0.25,0.00011
A*32:01~C*06:02~B*57:01~DRB1*04:02~DQB1*03:02,0.25,0.00011
A*32:01~C*06:02~B*57:01~DRB1*07:01~DQB1*03:03,0.25,0.00011
A*32:01~C*06:02~B*57:01~DRB1*10:01~DQB1*05:01,1,0.00044
A*32:01~C*07:02~B*07:02~DRB1*10:01~DQB1*05:01,1,0.00044
A*32:01~C*07:02~B*07:02~DRB1*15:01~DQB1*06:02,1,0.00044
A*32:01~C*07:04~B*15:01~DRB1*16:02~DQB1*05:02,1,0.00044
A*32:01~C*07:04~B*15:29~DRB1*16:02~DQB1*05:02,1,0.00044
A*32:01~C*08:01~B*15:02~DRB1*10:01~DQB1*05:01,0.25,0.00011
A*32:01~C*08:01~B*15:02~DRB1*14:04~DQB1*05:03,0.25,0.00011
A*32:01~C*12:02~B*52:01~DRB1*15:02~DQB1*06:01,2,0.00089
A*32:01~C*12:03~B*40:01~DRB1*10:01~DQB1*05:01,0.25,0.00011
A*32:01~C*12:03~B*40:01~DRB1*15:01~DQB1*06:01,0.25,0.00011
A*32:01~C*14:02~B*51:01~DRB1*12:01~DQB1*03:03,1,0.00044
A*32:01~C*14:02~B*51:07~DRB1*01:01~DQB1*05:01,1,0.00044
A*32:01~C*15:02~B*51:01~DRB1*07:01~DQB1*03:03,1,0.00044
A*32:01~C*15:05~B*73:01~DRB1*04:05~DQB1*03:03,1,0.00044
A*32:01~C*15:08~B*51:01~DRB1*14:19~DQB1*03:01,1,0.00044
A*32:01~C*16:02~B*51:01~DRB1*04:07~DQB1*03:02,1,0.00044
A*32:01~C*16:02~B*51:01~DRB1*10:01~DQB1*05:01,0.25,0.00011
A*32:01~C*16:02~B*51:01~DRB1*15:01~DQB1*06:01,0.25,0.00011
A*32:01~C*17:01~B*41:01~DRB1*10:01~DQB1*05:01,0.25,0.00011
A*32:01~C*17:01~B*41:01~DRB1*14:04~DQB1*05:03,0.25,0.00011
A*33:01~C*07:01~B*44:03~DRB1*15:06~DQB1*05:02,1,0.00044
A*33:01~C*07:02~B*07:05~DRB1*11:01~DQB1*03:01,0.25,0.00011
A*33:01~C*07:02~B*07:05~DRB1*12:02~DQB1*03:01,0.25,0.00011
A*33:01~C*08:02~B*14:02~DRB1*11:01~DQB1*03:01,0.25,0.00011
A*33:01~C*08:02~B*14:02~DRB1*12:02~DQB1*03:01,0.25,0.00011
A*33:03~C*01:02~B*46:01~DRB1*09:01~DQB1*03:03,2.58,0.00115
A*33:03~C*01:02~B*54:01~DRB1*07:01~DQB1*02:01,1,0.00044
A*33:03~C*01:02~B*54:01~DRB1*14:05~DQB1*05:03,1,0.00044
A*33:03~C*03:02~B*13:01~DRB1*12:02~DQB1*03:01,1,0.00044
A*33:03~C*03:02~B*40:01~DRB1*08:03~DQB1*06:01,1,0.00044
A*33:03~C*03:02~B*58:01~DRB1*03:01~DQB1*02:01,49.81,0.02214
A*33:03~C*03:02~B*58:01~DRB1*04:04~DQB1*03:02,0.25,0.00011
A*33:03~C*03:02~B*58:01~DRB1*04:05~DQB1*04:01,1.01,0.00045
A*33:03~C*03:02~B*58:01~DRB1*07:01~DQB1*02:01,1,0.00044
A*33:03~C*03:02~B*58:01~DRB1*08:03~DQB1*06:01,1,0.00044
A*33:03~C*03:02~B*58:01~DRB1*11:01~DQB1*03:01,5.16,0.00229
A*33:03~C*03:02~B*58:01~DRB1*12:01~DQB1*03:01,2.02,0.0009
A*33:03~C*03:02~B*58:01~DRB1*13:01~DQB1*06:03,4,0.00178
A*33:03~C*03:02~B*58:01~DRB1*13:02~DQB1*06:05,0.25,0.00011
A*33:03~C*03:02~B*58:01~DRB1*13:02~DQB1*06:09,30.99,0.01377
A*33:03~C*03:02~B*58:01~DRB1*14:01~DQB1*05:03,1,0.00044
A*33:03~C*03:02~B*58:01~DRB1*15:01~DQB1*06:01,1,0.00044
A*33:03~C*03:02~B*58:01~DRB1*15:01~DQB1*06:02,2,0.00089
A*33:03~C*03:02~B*58:01~DRB1*15:02~DQB1*06:01,1,0.00044
A*33:03~C*03:03~B*35:01~DRB1*04:10~DQB1*04:02,1,0.00044
A*33:03~C*03:03~B*35:01~DRB1*09:01~DQB1*03:03,0.25,0.00011
A*33:03~C*03:03~B*35:01~DRB1*14:01~DQB1*05:03,0.25,0.00011
A*33:03~C*03:03~B*40:01~DRB1*15:02~DQB1*05:01,1,0.00044
A*33:03~C*03:04~B*40:01~DRB1*04:04~DQB1*03:02,0.25,0.00011
A*33:03~C*03:04~B*40:01~DRB1*13:02~DQB1*06:05,0.25,0.00011
A*33:03~C*03:04~B*40:01~DRB1*14:05~DQB1*05:03,1,0.00044
A*33:03~C*03:04~B*40:01~DRB1*15:01~DQB1*03:01,1,0.00044
A*33:03~C*03:04~B*40:03~DRB1*04:10~DQB1*04:02,1,0.00044
A*33:03~C*03:04~B*56:04~DRB1*15:02~DQB1*05:01,1,0.00044
A*33:03~C*03:36~B*58:01~DRB1*01:01~DQB1*05:01,0.25,0.00011
A*33:03~C*03:36~B*58:01~DRB1*13:01~DQB1*06:03,0.25,0.00011
A*33:03~C*04:01~B*35:08~DRB1*04:03~DQB1*03:02,1,0.00044
A*33:03~C*04:03~B*15:25~DRB1*16:02~DQB1*05:02,1,0.00044
A*33:03~C*04:03~B*46:01~DRB1*09:01~DQB1*03:03,1,0.00044
A*33:03~C*06:02~B*13:02~DRB1*07:01~DQB1*02:01,1,0.00044
A*33:03~C*06:02~B*37:01~DRB1*01:01~DQB1*05:01,1,0.00044
A*33:03~C*06:02~B*37:01~DRB1*07:01~DQB1*02:01,2,0.00089
A*33:03~C*06:02~B*57:01~DRB1*07:01~DQB1*03:03,3.11,0.00138
A*33:03~C*07:01~B*40:02~DRB1*15:02~DQB1*06:01,1,0.00044
A*33:03~C*07:01~B*44:03~DRB1*04:03~DQB1*03:02,3,0.00133
A*33:03~C*07:01~B*44:03~DRB1*07:01~DQB1*02:01,33.85,0.01504
A*33:03~C*07:01~B*44:03~DRB1*07:01~DQB1*03:03,1.03,0.00046
A*33:03~C*07:01~B*44:03~DRB1*12:02~DQB1*03:01,2,0.00089
A*33:03~C*07:01~B*44:03~DRB1*15:02~DQB1*05:01,1,0.00044
A*33:03~C*07:02~B*07:02~DRB1*07:01~DQB1*02:01,1,0.00044
A*33:03~C*07:02~B*08:01~DRB1*03:01~DQB1*02:01,2.01,0.00089
A*33:03~C*07:02~B*38:02~DRB1*15:02~DQB1*05:01,1,0.00044
A*33:03~C*07:02~B*39:01~DRB1*01:01~DQB1*05:01,0.25,0.00011
A*33:03~C*07:02~B*39:01~DRB1*08:03~DQB1*06:01,1,0.00044
A*33:03~C*07:02~B*39:01~DRB1*13:01~DQB1*06:03,0.25,0.00011
A*33:03~C*07:02~B*40:01~DRB1*04:03~DQB1*03:02,1,0.00044
A*33:03~C*07:02~B*40:01~DRB1*08:09~DQB1*04:02,1,0.00044
A*33:03~C*07:02~B*54:01~DRB1*14:01~DQB1*05:02,1,0.00044
A*33:03~C*08:01~B*35:01~DRB1*04:06~DQB1*03:02,1,0.00044
A*33:03~C*08:01~B*40:06~DRB1*09:01~DQB1*03:03,1.43,0.00063
A*33:03~C*08:01~B*48:04~DRB1*12:02~DQB1*03:01,2,0.00089
A*33:03~C*08:01~B*54:01~DRB1*07:01~DQB1*02:01,0.25,0.00011
A*33:03~C*08:01~B*54:01~DRB1*09:01~DQB1*03:03,0.25,0.00011
A*33:03~C*12:03~B*35:03~DRB1*11:01~DQB1*03:01,1,0.00044
A*33:03~C*12:03~B*35:03~DRB1*14:01~DQB1*05:03,3,0.00133
A*33:03~C*12:03~B*35:03~DRB1*14:18~DQB1*05:03,1,0.00044
A*33:03~C*12:03~B*35:03~DRB1*15:01~DQB1*05:02,1,0.00044
A*33:03~C*12:03~B*40:01~DRB1*15:02~DQB1*05:03,1,0.00044
A*33:03~C*14:03~B*44:03~DRB1*04:03~DQB1*03:02,2,0.00089
A*33:03~C*14:03~B*44:03~DRB1*04:05~DQB1*04:01,1.47,0.00065
A*33:03~C*14:03~B*44:03~DRB1*08:03~DQB1*06:01,1.53,0.00068
A*33:03~C*14:03~B*44:03~DRB1*09:01~DQB1*03:03,0.25,0.00011
A*33:03~C*14:03~B*44:03~DRB1*12:01~DQB1*03:01,1,0.00044
A*33:03~C*14:03~B*44:03~DRB1*13:02~DQB1*06:04,15,0.00667
A*33:03~C*14:03~B*44:03~DRB1*14:01~DQB1*05:03,0.25,0.00011
A*33:03~C*14:03~B*54:01~DRB1*04:05~DQB1*04:01,1,0.00044
A*33:03~C*15:02~B*27:07~DRB1*07:01~DQB1*02:01,0.25,0.00011
A*33:03~C*15:02~B*27:07~DRB1*09:01~DQB1*03:03,0.25,0.00011
A*34:01~C*01:02~B*15:35~DRB1*14:04~DQB1*05:03,0.25,0.00011
A*34:01~C*01:02~B*15:35~DRB1*15:02~DQB1*05:02,0.25,0.00011
A*34:01~C*03:03~B*18:01~DRB1*14:01~DQB1*05:02,1,0.00044
A*34:01~C*03:03~B*18:01~DRB1*15:02~DQB1*05:02,1,0.00044
A*34:01~C*03:03~B*40:01~DRB1*04:05~DQB1*04:01,0.25,0.00011
A*34:01~C*03:03~B*40:01~DRB1*15:01~DQB1*06:02,0.25,0.00011
A*34:01~C*04:01~B*35:05~DRB1*08:01~DQB1*06:01,0.25,0.00011
A*34:01~C*04:01~B*35:05~DRB1*12:01~DQB1*03:01,0.25,0.00011
A*34:01~C*04:01~B*35:05~DRB1*14:04~DQB1*05:03,0.25,0.00011
A*34:01~C*04:01~B*35:05~DRB1*15:02~DQB1*05:02,0.25,0.00011
A*34:01~C*04:01~B*40:01~DRB1*04:03~DQB1*03:02,1,0.00044
A*34:01~C*04:01~B*51:01~DRB1*04:05~DQB1*04:01,0.25,0.00011
A*34:01~C*04:01~B*51:01~DRB1*15:02~DQB1*05:02,1,0.00044
A*34:01~C*04:01~B*51:01~DRB1*15:02~DQB1*06:01,0.25,0.00011
A*34:01~C*04:03~B*15:21~DRB1*08:01~DQB1*06:01,0.25,0.00011
A*34:01~C*04:03~B*15:21~DRB1*12:01~DQB1*03:01,0.25,0.00011
A*34:01~C*04:03~B*15:21~DRB1*15:02~DQB1*05:02,1,0.00044
A*34:01~C*04:03~B*15:21~DRB1*15:02~DQB1*06:01,2,0.00089
A*34:01~C*04:03~B*40:10~DRB1*15:02~DQB1*05:02,1.5,0.00067
A*34:01~C*07:02~B*07:02~DRB1*04:05~DQB1*04:01,0.25,0.00011
A*34:01~C*07:02~B*07:02~DRB1*15:02~DQB1*06:01,0.25,0.00011
A*34:01~C*07:02~B*15:35~DRB1*04:05~DQB1*04:02,5,0.00222
A*34:01~C*07:02~B*15:35~DRB1*12:02~DQB1*03:01,1,0.00044
A*34:01~C*07:02~B*27:06~DRB1*12:02~DQB1*03:01,1,0.00044
A*34:01~C*07:02~B*38:02~DRB1*15:02~DQB1*05:02,2,0.00089
A*34:01~C*07:27~B*15:35~DRB1*04:05~DQB1*04:02,2,0.00089
A*34:01~C*07:27~B*15:35~DRB1*11:01~DQB1*06:01,1,0.00044
A*34:01~C*08:02~B*14:02~DRB1*04:05~DQB1*04:01,0.25,0.00011
A*34:01~C*08:02~B*14:02~DRB1*15:01~DQB1*06:02,0.25,0.00011
A*34:01~C*12:02~B*40:01~DRB1*08:03~DQB1*06:01,0.25,0.00011
A*34:01~C*12:02~B*40:01~DRB1*14:04~DQB1*05:03,0.25,0.00011
A*34:01~C*15:02~B*40:02~DRB1*08:03~DQB1*06:01,0.25,0.00011
A*34:01~C*15:02~B*40:02~DRB1*12:01~DQB1*03:01,1,0.00044
A*34:01~C*15:02~B*40:02~DRB1*14:04~DQB1*05:03,0.25,0.00011
A*34:01~C*15:02~B*40:02~DRB1*15:02~DQB1*05:02,4.5,0.002
A*34:02~C*04:01~B*44:03~DRB1*12:02~DQB1*06:02,0.25,0.00011
A*34:02~C*04:01~B*44:03~DRB1*15:03~DQB1*06:02,0.25,0.00011
A*34:02~C*14:02~B*18:01~DRB1*12:02~DQB1*06:02,0.25,0.00011
A*34:02~C*14:02~B*18:01~DRB1*15:03~DQB1*06:02,0.25,0.00011
A*34:05~C*03:04~B*40:02~DRB1*12:02~DQB1*03:01,1,0.00044
A*34:05~C*07:02~B*38:02~DRB1*09:01~DQB1*03:03,1,0.00044
A*68:01~C*01:02~B*37:01~DRB1*04:03~DQB1*03:02,0.25,0.00011
A*68:01~C*01:02~B*37:01~DRB1*15:06~DQB1*05:02,0.25,0.00011
A*68:01~C*01:02~B*55:01~DRB1*11:01~DQB1*03:01,1,0.00044
A*68:01~C*01:02~B*55:01~DRB1*16:02~DQB1*05:02,1,0.00044
A*68:01~C*03:03~B*15:01~DRB1*15:02~DQB1*06:01,1,0.00044
A*68:01~C*03:04~B*13:01~DRB1*07:01~DQB1*02:01,0.25,0.00011
A*68:01~C*03:04~B*13:01~DRB1*15:01~DQB1*05:02,0.25,0.00011
A*68:01~C*04:01~B*15:01~DRB1*03:01~DQB1*02:01,1,0.00044
A*68:01~C*04:01~B*15:01~DRB1*14:04~DQB1*05:03,2,0.00089
A*68:01~C*04:01~B*35:01~DRB1*07:01~DQB1*02:01,0.25,0.00011
A*68:01~C*04:01~B*35:01~DRB1*15:01~DQB1*05:02,0.25,0.00011
A*68:01~C*04:01~B*35:02~DRB1*12:01~DQB1*03:01,1,0.00044
A*68:01~C*04:01~B*35:03~DRB1*04:01~DQB1*03:02,0.5,0.00022
A*68:01~C*04:01~B*35:03~DRB1*07:01~DQB1*02:01,1,0.00044
A*68:01~C*04:01~B*35:03~DRB1*07:03~DQB1*02:01,0.5,0.00022
A*68:01~C*04:01~B*35:03~DRB1*11:01~DQB1*03:01,1,0.00044
A*68:01~C*04:01~B*35:03~DRB1*12:02~DQB1*03:01,1,0.00044
A*68:01~C*04:01~B*37:01~DRB1*10:01~DQB1*05:01,0.25,0.00011
A*68:01~C*04:01~B*37:01~DRB1*12:02~DQB1*03:01,0.25,0.00011
A*68:01~C*04:03~B*13:01~DRB1*10:01~DQB1*05:01,0.25,0.00011
A*68:01~C*04:03~B*13:01~DRB1*12:02~DQB1*03:01,0.25,0.00011
A*68:01~C*05:01~B*44:02~DRB1*14:04~DQB1*05:03,0.5,0.00022
A*68:01~C*07:01~B*44:03~DRB1*15:01~DQB1*06:01,1,0.00044
A*68:01~C*07:02~B*07:02~DRB1*01:01~DQB1*05:01,0.5,0.00022
A*68:01~C*07:02~B*07:02~DRB1*04:03~DQB1*03:02,0.5,0.00022
A*68:01~C*07:02~B*07:02~DRB1*15:02~DQB1*06:01,2,0.00089
A*68:01~C*07:02~B*07:02~DRB1*15:06~DQB1*05:02,1,0.00044
A*68:01~C*07:02~B*08:01~DRB1*03:01~DQB1*02:01,5,0.00222
A*68:01~C*07:02~B*52:01~DRB1*14:04~DQB1*05:03,1,0.00044
A*68:01~C*07:04~B*15:18~DRB1*10:01~DQB1*05:01,1,0.00044
A*68:01~C*07:04~B*15:18~DRB1*11:01~DQB1*03:01,1,0.00044
A*68:01~C*12:02~B*52:01~DRB1*01:01~DQB1*05:01,0.5,0.00022
A*68:01~C*12:02~B*52:01~DRB1*04:01~DQB1*03:02,0.5,0.00022
A*68:01~C*12:02~B*52:01~DRB1*04:03~DQB1*03:02,0.5,0.00022
A*68:01~C*12:02~B*52:01~DRB1*07:01~DQB1*02:01,1,0.00044
A*68:01~C*12:02~B*52:01~DRB1*07:03~DQB1*02:01,0.5,0.00022
A*68:01~C*12:02~B*52:01~DRB1*09:01~DQB1*03:03,2,0.00089
A*68:01~C*12:02~B*52:01~DRB1*13:01~DQB1*06:03,1,0.00044
A*68:01~C*12:02~B*52:01~DRB1*14:04~DQB1*05:03,0.5,0.00022
A*68:01~C*12:02~B*52:01~DRB1*15:02~DQB1*06:01,2,0.00089
A*68:01~C*12:03~B*18:01~DRB1*11:04~DQB1*03:01,0.25,0.00011
A*68:01~C*12:03~B*18:01~DRB1*15:01~DQB1*06:01,0.25,0.00011
A*68:01~C*12:03~B*40:01~DRB1*10:01~DQB1*05:01,0.25,0.00011
A*68:01~C*12:03~B*40:01~DRB1*15:01~DQB1*06:01,0.25,0.00011
A*68:01~C*14:02~B*51:01~DRB1*15:01~DQB1*06:01,0.25,0.00011
A*68:01~C*14:02~B*51:01~DRB1*15:02~DQB1*06:01,0.25,0.00011
A*68:01~C*15:02~B*40:06~DRB1*04:04~DQB1*03:02,1,0.00044
A*68:01~C*15:02~B*40:06~DRB1*15:02~DQB1*06:01,3,0.00133
A*68:01~C*15:02~B*51:01~DRB1*09:01~DQB1*03:03,1,0.00044
A*68:01~C*15:02~B*51:06~DRB1*13:01~DQB1*06:03,1,0.00044
A*68:01~C*15:04~B*52:01~DRB1*11:04~DQB1*03:01,0.25,0.00011
A*68:01~C*15:04~B*52:01~DRB1*15:01~DQB1*06:01,0.25,0.00011
A*68:01~C*15:05~B*07:05~DRB1*10:01~DQB1*05:01,1,0.00044
A*68:01~C*16:02~B*15:18~DRB1*04:03~DQB1*03:02,0.25,0.00011
A*68:01~C*16:02~B*15:18~DRB1*15:06~DQB1*05:02,0.25,0.00011
A*68:01~C*16:02~B*51:01~DRB1*10:01~DQB1*05:01,0.25,0.00011
A*68:01~C*16:02~B*51:01~DRB1*15:01~DQB1*06:01,0.25,0.00011
A*68:01~C*16:02~B*51:06~DRB1*15:01~DQB1*06:01,0.25,0.00011
A*68:01~C*16:02~B*51:06~DRB1*15:02~DQB1*06:01,0.25,0.00011
A*69:01~C*07:04~B*15:18~DRB1*04:01~DQB1*03:01,0.25,0.00011
A*69:01~C*07:04~B*15:18~DRB1*11:04~DQB1*03:01,0.25,0.00011
A*69:01~C*07:04~B*15:18~DRB1*12:01~DQB1*03:01,1,0.00044
A*69:01~C*12:02~B*52:01~DRB1*12:01~DQB1*03:01,2,0.00089
A*69:01~C*12:03~B*15:01~DRB1*04:01~DQB1*03:01,0.25,0.00011
A*69:01~C*12:03~B*15:01~DRB1*11:04~DQB1*03:01,0.25,0.00011
A*74:01~C*04:01~B*44:03~DRB1*12:02~DQB1*06:02,0.25,0.00011
A*74:01~C*04:01~B*44:03~DRB1*15:03~DQB1*06:02,0.25,0.00011
A*74:01~C*07:02~B*38:02~DRB1*15:04~DQB1*05:02,1,0.00044
A*74:01~C*14:02~B*18:01~DRB1*12:02~DQB1*06:02,0.25,0.00011
A*74:01~C*14:02~B*18:01~DRB1*15:03~DQB1*06:02,0.25,0.00011
A*74:01~C*16:01~B*45:01~DRB1*11:04~DQB1*03:01,1,0.00044
A*74:01~C*16:01~B*45:01~DRB1*14:02~DQB1*02:01,1,0.00044
